# Branch L golden, authority sha256 AEB2ADAD6E80F487772C5DF90A2E3DDA71624AB831A6A83B94AB471AC9AAC170, mpmath dps 50
Electromagnetism	S	0.955728570095582708189529865395654231210728512
Electromagnetism	eps	0.000772509421698849555448983476053969818103600829
Electromagnetism	k	0.039314318183129064687502566020983012073536834
Electromagnetism	Q_L	25.4360255045483541132418821241996762299629374
Electromagnetism	r0_ohm	18.4400497592861384450777864335670599961324853
Electromagnetism	gamma	0.150873134394159314550636434456457763604720334
Materials_Science	S	0.95365945231210788796237376297536496040546956
Materials_Science	eps	0.000770836966744218366584321025933658370606874173
Materials_Science	k	0.0392717216724418151702936547004230609685818196
Materials_Science	Q_L	25.4636149731558880919322654044382052104202746
Materials_Science	r0_ohm	18.4200702247820422169074793009864028405042163
Materials_Science	gamma	0.150709665475489436320152103371706932331398133
NIC	Ga	-0.000757575757575757575757575757575757575757575758
NIC	Gb	-0.000409090909090909090909090909090909090909090909
NIC	Gc	0.00459090909090909090909090909090909090909090909
