# k	R	C1	C2	L	r_ohm	Ep/Em	sigc_msf_equiv	class
0	1799.86	1.036e-08	1.018e-07	0.02248	18.075	1.000000	1.53580	1
1	1810.29	9.894e-09	1.044e-07	0.02358	21.509	1.000000	1.68877	1
2	1784.07	9.598e-09	9.676e-08	0.02182	20.760	1.000000	1.50785	1
3	1792.85	9.887e-09	1.005e-07	0.02291	21.674	1.000000	1.50020	1
4	1784.72	1.042e-08	1.001e-07	0.02109	17.964	1.000000	1.34603	1
5	1798.07	9.618e-09	1.026e-07	0.02199	17.446	1.000000	1.78174	1
6	1809.47	9.644e-09	1.038e-07	0.02253	17.337	1.000000	1.70804	1
7	1789.89	9.914e-09	1.035e-07	0.02262	18.964	1.000000	1.60881	1
8	1792.83	1.01e-08	1.039e-07	0.02176	20.895	1.000000	1.40336	1
9	1797.75	9.899e-09	1.046e-07	0.02414	21.074	1.000000	1.69178	1
10	1786.21	1.015e-08	9.745e-08	0.01999	20.808	1.000000	1.27501	1
11	1782.96	1.022e-08	1.02e-07	0.02395	18.444	1.000000	1.68637	1
12	1804.20	9.795e-09	1.006e-07	0.02278	20.381	1.000000	1.55492	1
13	1786.84	9.852e-09	1.008e-07	0.02323	20.811	1.000000	1.73571	1
14	1809.66	9.94e-09	9.89e-08	0.02376	21.413	1.000000	2.21210	2
15	1796.25	9.963e-09	9.701e-08	0.02067	19.576	1.000000	1.33196	1
16	1788.04	9.505e-09	9.895e-08	0.02329	18.268	1.000000	1.79954	1
17	1798.11	9.874e-09	1.005e-07	0.02294	18.473	1.000000	2.29957	2
18	1795.21	1.021e-08	1.048e-07	0.02091	20.305	1.000000	1.38287	1
19	1817.65	9.879e-09	1.009e-07	0.02156	18.512	1.000000	1.48727	1
20	1792.73	9.507e-09	1.05e-07	0.02082	20.693	1.000000	1.62848	2
21	1786.06	9.52e-09	1.037e-07	0.02258	19.407	1.000000	1.70389	1
22	1810.75	1.037e-08	1.043e-07	0.02388	21.920	1.000000	1.48800	1
23	1799.68	9.647e-09	9.89e-08	0.02054	19.369	1.000000	1.45929	1
24	1805.28	9.959e-09	1.048e-07	0.0219	20.105	1.000000	1.39991	1
25	1809.57	9.633e-09	9.81e-08	0.02251	20.805	1.000000	1.53728	1
26	1785.57	9.719e-09	9.663e-08	0.02021	19.997	1.000000	1.37228	1
27	1785.89	9.878e-09	9.756e-08	0.02354	20.393	1.000000	1.69807	1
28	1810.31	9.691e-09	9.985e-08	0.02222	21.185	1.000000	1.51429	1
29	1809.68	1.01e-08	1.003e-07	0.02101	21.481	1.000000	1.30165	1
30	1814.94	1.032e-08	1.035e-07	0.02065	21.869	1.000000	1.21958	1
31	1792.16	1.009e-08	9.752e-08	0.02341	19.036	1.000000	1.60028	1
32	1792.58	1.024e-08	9.984e-08	0.02361	20.251	1.000000	1.53522	1
33	1805.84	1.007e-08	9.696e-08	0.02361	20.819	1.000000	1.53942	1
34	1790.74	9.545e-09	1.014e-07	0.02064	18.126	1.000000	1.68227	2
35	1805.13	9.801e-09	1.023e-07	0.02157	18.099	1.000000	1.52387	1
36	1810.01	1.001e-08	9.638e-08	0.02089	20.805	1.000000	1.28183	1
37	1808.37	9.791e-09	9.965e-08	0.02294	21.832	1.000000	1.49934	1
38	1799.82	1.045e-08	9.866e-08	0.02309	19.609	1.000000	1.57486	2
39	1808.91	1.008e-08	1.021e-07	0.02307	19.272	1.000000	1.52172	1
40	1795.22	9.726e-09	9.803e-08	0.02398	18.138	1.000000	1.76771	1
41	1784.04	1.005e-08	9.786e-08	0.02254	19.605	1.000000	1.53293	1
42	1785.91	9.765e-09	1.029e-07	0.02239	19.133	1.000000	1.76348	1
43	1793.18	1.021e-08	1.03e-07	0.02162	19.931	1.000000	1.41086	1
44	1804.51	9.743e-09	1.037e-07	0.02415	17.608	1.000000	1.84135	1
45	1796.38	1.03e-08	9.832e-08	0.02389	20.579	1.000000	1.50240	1
46	1803.74	9.587e-09	9.724e-08	0.02094	20.128	1.000000	1.52689	2
47	1797.87	9.659e-09	9.839e-08	0.02234	17.584	1.000000	1.83041	1
48	1791.99	1.013e-08	9.531e-08	0.02361	18.962	1.000000	1.65019	1
49	1788.31	9.794e-09	1.033e-07	0.0236	20.107	1.000000	1.73155	1
50	1801.37	9.957e-09	1.01e-07	0.02065	19.937	1.000000	1.38459	1
51	1806.86	9.918e-09	1.03e-07	0.02182	18.301	1.000000	1.53645	1
52	1805.92	9.563e-09	9.886e-08	0.0229	20.199	1.000000	1.65805	1
53	1795.44	9.501e-09	9.857e-08	0.02322	19.016	1.000000	1.79479	1
54	1800.24	1.012e-08	9.674e-08	0.02114	17.949	1.000000	1.41736	1
55	1798.16	1.048e-08	9.75e-08	0.02079	21.098	1.000000	1.31099	2
56	1794.59	9.882e-09	9.952e-08	0.0228	18.011	1.000000	2.34168	2
57	1791.87	1.039e-08	1e-07	0.02216	18.030	1.000000	1.47835	1
58	1813.02	1.005e-08	9.763e-08	0.02384	21.870	1.000000	1.53750	1
59	1805.83	1.042e-08	9.698e-08	0.02139	18.129	1.000000	1.34855	1
60	1806.44	1.05e-08	9.664e-08	0.02339	20.161	1.000000	1.43526	1
61	1813.12	1.026e-08	1.045e-07	0.02279	19.128	1.000000	1.45984	1
62	1784.55	9.903e-09	9.925e-08	0.02099	19.202	1.000000	1.42584	1
63	1809.49	1.006e-08	1.035e-07	0.02167	19.006	1.000000	1.47811	1
64	1810.02	1.042e-08	1.029e-07	0.02327	19.433	1.000000	1.44247	1
65	1804.84	9.587e-09	9.721e-08	0.02397	21.444	1.000000	1.71986	1
66	1801.99	9.585e-09	1.025e-07	0.02202	21.124	1.000000	1.50079	1
67	1815.32	1.017e-08	9.615e-08	0.0233	18.817	1.000000	1.57816	1
68	1815.46	9.56e-09	9.748e-08	0.02226	21.552	1.000000	1.45723	1
69	1795.36	9.795e-09	1.027e-07	0.02283	19.004	1.000000	1.70901	1
70	1785.07	1.006e-08	9.693e-08	0.02415	21.261	1.000000	1.67595	1
71	1813.25	1.014e-08	9.975e-08	0.01982	18.176	1.000000	1.30891	1
72	1798.79	9.856e-09	9.645e-08	0.01999	17.903	1.000000	1.31617	1
73	1799.97	1.031e-08	9.727e-08	0.02101	17.653	1.000000	1.52200	2
74	1796.11	1.009e-08	9.616e-08	0.0217	21.391	1.000000	1.39280	2
75	1814.66	9.783e-09	9.654e-08	0.0223	21.103	1.000000	1.45692	1
76	1816.77	1.028e-08	9.942e-08	0.0222	18.275	1.000000	1.46052	1
77	1809.20	9.658e-09	9.933e-08	0.02336	18.613	1.000000	1.72519	1
78	1810.31	9.758e-09	1.026e-07	0.02291	19.679	1.000000	2.26402	1
79	1784.71	1.008e-08	9.894e-08	0.02121	20.738	1.000000	1.45088	1
80	1816.48	1.002e-08	9.94e-08	0.02299	21.194	1.000000	1.51012	1
81	1800.76	9.754e-09	1.008e-07	0.02264	19.486	1.000000	1.75004	1
82	1788.44	9.565e-09	9.618e-08	0.02055	20.351	1.000000	1.37830	1
83	1790.51	9.604e-09	9.651e-08	0.02377	21.265	1.000000	1.73658	1
84	1801.84	1.044e-08	9.557e-08	0.02144	21.693	1.000000	1.29436	1
85	1815.01	1.028e-08	9.634e-08	0.0201	17.374	1.000000	1.31127	1
86	1803.52	1.019e-08	1.006e-07	0.02261	17.731	1.000000	1.53070	1
87	1810.78	1.026e-08	9.949e-08	0.02016	21.866	1.000000	1.16487	2
88	1787.76	1.042e-08	9.887e-08	0.02046	20.106	1.000000	1.22038	1
89	1798.97	9.731e-09	9.554e-08	0.02232	21.367	1.000000	1.46880	1
90	1785.10	1.018e-08	1.011e-07	0.02414	21.902	1.000000	1.75380	1
91	1791.28	1.018e-08	9.514e-08	0.02364	20.699	1.000000	1.55030	1
92	1792.93	9.594e-09	9.909e-08	0.02239	17.767	1.000000	1.74886	1
93	1795.94	1.038e-08	9.761e-08	0.02414	18.270	1.000000	1.61132	1
94	1785.20	1.026e-08	1.008e-07	0.02356	20.355	1.000000	1.54152	1
95	1799.19	9.817e-09	1.013e-07	0.02074	20.959	1.000000	1.40035	1
96	1795.88	1.048e-08	1.008e-07	0.02063	20.487	1.000000	1.28681	1
97	1790.05	1.023e-08	9.508e-08	0.02164	20.854	1.000000	1.31410	1
98	1816.42	9.984e-09	1.042e-07	0.02232	18.697	1.000000	1.55617	1
99	1811.34	1.035e-08	9.605e-08	0.0201	18.098	1.000000	1.24162	1
100	1798.43	1.031e-08	1.01e-07	0.02123	19.327	1.000000	1.35917	1
101	1806.40	1.021e-08	1e-07	0.02221	19.108	1.000000	1.39880	1
102	1811.09	1.01e-08	9.85e-08	0.02245	17.458	1.000000	1.51829	1
103	1791.48	9.732e-09	1.007e-07	0.01982	18.947	1.000000	1.37693	1
104	1802.97	9.523e-09	9.913e-08	0.02416	21.217	1.000000	1.77401	1
105	1792.31	1.023e-08	1.048e-07	0.0223	17.930	1.000000	1.68394	2
106	1801.55	1.016e-08	9.985e-08	0.02136	19.740	1.000000	1.33697	1
107	1810.12	9.69e-09	1.002e-07	0.02325	19.775	1.000000	1.66205	1
108	1788.91	1.008e-08	1.035e-07	0.02348	20.268	1.000000	1.75769	1
109	1790.77	9.823e-09	9.502e-08	0.02384	18.586	1.000000	1.77567	1
110	1806.62	9.916e-09	9.896e-08	0.02349	20.778	1.000000	1.65659	1
111	1814.59	1.006e-08	9.979e-08	0.02418	21.994	1.000000	1.57233	1
112	1800.32	9.879e-09	9.684e-08	0.02211	17.778	1.000000	1.59889	1
113	1792.18	9.937e-09	9.913e-08	0.02098	17.954	1.000000	1.48160	1
114	1812.25	9.767e-09	1.036e-07	0.0225	17.733	1.000000	1.74018	1
115	1801.82	9.936e-09	1.049e-07	0.02223	19.564	1.000000	1.52605	1
116	1811.29	1.02e-08	1.001e-07	0.02089	21.880	1.000000	1.26788	1
117	1787.74	9.538e-09	9.505e-08	0.02276	21.360	1.000000	1.68319	1
118	1796.26	1.025e-08	9.661e-08	0.02222	17.353	1.000000	1.54888	2
119	1806.79	9.975e-09	1.046e-07	0.02303	19.789	1.000000	1.59765	1
120	1812.56	9.913e-09	9.699e-08	0.02212	20.554	1.000000	1.51149	2
121	1782.69	1.012e-08	9.563e-08	0.02169	18.238	1.000000	1.47657	1
122	1816.55	1.006e-08	1.008e-07	0.02394	21.429	1.000000	1.53308	1
123	1813.21	1.017e-08	9.736e-08	0.02095	18.341	1.000000	1.49827	2
124	1799.40	1.02e-08	9.557e-08	0.02065	20.028	1.000000	1.33584	1
125	1809.97	9.784e-09	1.015e-07	0.02246	18.280	1.000000	1.60904	1
126	1816.99	1.012e-08	1.029e-07	0.02171	19.403	1.000000	1.42171	1
127	1798.35	1.022e-08	1e-07	0.02082	20.958	1.000000	1.27973	1
128	1799.96	1.031e-08	9.74e-08	0.02401	17.349	1.000000	1.61599	1
129	1801.63	9.798e-09	1.044e-07	0.02414	17.464	1.000000	1.77383	1
130	1812.82	9.506e-09	1.007e-07	0.02203	20.205	1.000000	1.50190	1
131	1799.73	9.852e-09	1.024e-07	0.01991	17.637	1.000000	1.40467	1
132	1796.66	9.97e-09	9.924e-08	0.02227	18.861	1.000000	1.64840	2
133	1808.42	1.012e-08	1.031e-07	0.02172	20.217	1.000000	1.42352	1
134	1799.68	1.003e-08	1.048e-07	0.02073	19.343	1.000000	1.38901	1
135	1797.54	9.504e-09	1.012e-07	0.02118	21.408	1.000000	1.47179	1
136	1802.64	1.048e-08	1.002e-07	0.02048	20.313	1.000000	1.24390	1
137	1798.89	1.018e-08	1.043e-07	0.0215	17.374	1.000000	1.48346	1
138	1808.89	9.935e-09	1.028e-07	0.02119	19.294	1.000000	1.41340	1
139	1813.22	1.002e-08	9.801e-08	0.02003	17.841	1.000000	1.46128	2
140	1789.24	9.557e-09	9.954e-08	0.02123	20.287	1.000000	1.51672	1
141	1788.63	9.592e-09	1.004e-07	0.02261	17.940	1.000000	1.70336	1
142	1799.89	1.021e-08	9.929e-08	0.02309	20.572	1.000000	1.64093	2
143	1793.35	9.521e-09	9.515e-08	0.02207	21.320	1.000000	1.52193	1
144	1794.21	9.638e-09	1.016e-07	0.02115	19.620	1.000000	1.49596	1
145	1812.09	9.893e-09	1.008e-07	0.02164	18.516	1.000000	1.51626	1
146	1782.70	9.61e-09	9.861e-08	0.02166	19.225	1.000000	1.57033	1
147	1790.77	9.621e-09	9.588e-08	0.02392	21.418	1.000000	1.75990	1
148	1793.80	9.829e-09	1.01e-07	0.02093	17.666	1.000000	1.50153	1
149	1810.15	9.904e-09	1.049e-07	0.02212	17.998	1.000000	1.59212	1
150	1807.89	1.003e-08	1.004e-07	0.02029	20.203	1.000000	1.25916	1
151	1808.77	9.941e-09	1.036e-07	0.02388	18.001	1.000000	1.74157	1
152	1792.82	1.038e-08	1.022e-07	0.02204	18.149	1.000000	1.45845	1
153	1792.82	9.78e-09	9.558e-08	0.02053	21.239	1.000000	1.33553	1
154	1786.75	1.044e-08	1.003e-07	0.02138	18.636	1.000000	1.40336	1
155	1816.01	1.037e-08	1.046e-07	0.0225	19.714	1.000000	1.46995	1
156	1816.10	1.029e-08	1e-07	0.02294	18.132	1.000000	1.49287	1
157	1800.78	9.587e-09	1.004e-07	0.0223	18.431	1.000000	1.73392	1
158	1803.49	9.971e-09	9.724e-08	0.0206	18.633	1.000000	1.33849	1
159	1784.35	1.022e-08	9.952e-08	0.02167	19.537	1.000000	1.43887	1
160	1817.15	9.83e-09	9.668e-08	0.02224	19.847	1.000000	1.44710	1
161	1809.70	9.611e-09	9.683e-08	0.02275	21.520	1.000000	1.56914	1
162	1791.61	1.021e-08	9.867e-08	0.02114	19.331	1.000000	1.39095	1
163	1804.46	1.009e-08	1.02e-07	0.02327	20.575	1.000000	1.53216	1
164	1803.31	1.007e-08	1.038e-07	0.02191	21.423	1.000000	1.39042	1
165	1801.30	1.013e-08	9.861e-08	0.0235	18.502	1.000000	1.59876	1
166	1798.83	1.032e-08	9.627e-08	0.02009	20.192	1.000000	1.19528	1
167	1816.23	9.891e-09	1.003e-07	0.02223	21.805	1.000000	1.43319	1
168	1796.01	9.657e-09	1.035e-07	0.02399	20.333	1.000000	1.70539	1
169	1797.88	1.01e-08	9.968e-08	0.02369	21.709	1.000000	1.54786	1
170	1787.03	9.777e-09	9.789e-08	0.02391	20.138	1.000000	1.75897	1
171	1788.09	1.046e-08	9.728e-08	0.02313	21.309	1.000000	1.36688	1
172	1808.34	1.006e-08	9.808e-08	0.02074	19.834	1.000000	1.34203	1
173	1812.71	9.562e-09	1.035e-07	0.0214	20.192	1.000000	1.52563	1
174	1791.72	1.036e-08	9.972e-08	0.02127	19.371	1.000000	1.38701	1
175	1795.62	1.024e-08	1.025e-07	0.02269	18.667	1.000000	1.55441	1
176	1809.31	1.022e-08	9.566e-08	0.0218	19.579	1.000000	1.35048	1
177	1798.17	9.563e-09	1.018e-07	0.02062	19.401	1.000000	1.47153	1
178	1800.37	1.004e-08	1.032e-07	0.02261	21.408	1.000000	1.63490	1
179	1787.27	1.003e-08	9.67e-08	0.02063	19.799	1.000000	1.37644	1
180	1789.03	9.67e-09	1.002e-07	0.02402	20.011	1.000000	1.76190	1
181	1814.44	9.807e-09	9.55e-08	0.02406	20.382	1.000000	1.64070	1
182	1784.44	9.699e-09	9.532e-08	0.0202	18.581	1.000000	1.41547	1
183	1795.01	1.023e-08	9.963e-08	0.02069	18.689	1.000000	1.37249	1
184	1784.83	1.012e-08	9.935e-08	0.02217	20.927	1.000000	1.42844	1
185	1801.63	9.987e-09	9.635e-08	0.02245	20.445	1.000000	1.41854	1
186	1816.16	1.003e-08	1.034e-07	0.02299	20.628	1.000000	1.50242	1
187	1787.53	9.853e-09	1.001e-07	0.02119	20.019	1.000000	1.44254	1
188	1810.27	1.041e-08	1.023e-07	0.02114	19.364	1.000000	1.33150	1
189	1797.72	9.58e-09	9.856e-08	0.0212	19.945	1.000000	1.46751	1
190	1800.78	9.758e-09	1.029e-07	0.02208	20.132	1.000000	1.50547	1
191	1817.93	9.801e-09	1.024e-07	0.02384	19.691	1.000000	1.70930	1
192	1786.40	1.002e-08	9.785e-08	0.0227	19.291	1.000000	1.53580	1
193	1813.27	1e-08	9.616e-08	0.02021	19.614	1.000000	1.30559	1
194	1791.15	9.913e-09	9.775e-08	0.02269	17.633	1.000000	1.67200	1
195	1816.70	9.559e-09	1.005e-07	0.02381	21.825	1.000000	1.66111	1
196	1783.17	1.048e-08	1.029e-07	0.02212	17.527	1.000000	1.44091	1
197	1799.59	9.533e-09	1.016e-07	0.02243	18.734	1.000000	1.67288	1
198	1815.22	9.697e-09	9.827e-08	0.02338	19.368	1.000000	1.70029	1
199	1816.10	9.885e-09	9.965e-08	0.02315	19.246	1.000000	1.61439	1
200	1811.86	9.708e-09	1.008e-07	0.021	17.685	1.000000	1.53117	1
201	1790.21	1.047e-08	9.689e-08	0.02311	19.812	1.000000	1.44051	1
202	1787.04	9.773e-09	9.848e-08	0.0211	21.528	1.000000	1.38000	1
203	1791.65	1.042e-08	9.73e-08	0.02278	18.220	1.000000	1.48107	1
204	1784.80	1.033e-08	1.034e-07	0.02002	18.754	1.000000	1.29115	1
205	1792.85	1.021e-08	1.006e-07	0.02247	20.849	1.000000	1.40549	1
206	1814.18	1.029e-08	9.733e-08	0.02226	19.090	1.000000	1.41221	1
207	1793.56	1.024e-08	1.004e-07	0.02135	21.662	1.000000	1.30734	1
208	1789.91	9.659e-09	9.673e-08	0.02045	20.726	1.000000	1.40254	1
209	1805.72	1.027e-08	9.709e-08	0.02012	17.655	1.000000	1.31310	1
210	1811.38	9.576e-09	9.978e-08	0.02409	20.170	1.000000	1.75051	1
211	1801.02	1.004e-08	1.047e-07	0.02282	18.776	1.000000	1.60032	1
212	1786.22	9.719e-09	9.582e-08	0.02228	21.064	1.000000	1.53941	1
213	1806.13	9.883e-09	9.706e-08	0.02193	18.115	1.000000	1.50858	1
214	1786.24	9.844e-09	9.54e-08	0.0235	21.216	1.000000	1.72058	1
215	1784.95	9.733e-09	1.008e-07	0.02017	21.402	1.000000	1.33401	1
216	1814.89	9.58e-09	1.017e-07	0.02122	18.987	1.000000	1.53606	1
217	1800.95	1.027e-08	9.512e-08	0.02048	21.663	1.000000	1.26848	1
218	1782.21	9.851e-09	9.961e-08	0.02124	18.662	1.000000	1.43574	1
219	1794.43	9.905e-09	1.023e-07	0.02259	18.571	1.000000	1.58735	1
220	1802.35	9.721e-09	1.012e-07	0.02125	18.086	1.000000	1.53695	1
221	1811.36	9.574e-09	1.033e-07	0.02259	17.426	1.000000	1.71940	1
222	1816.66	1.004e-08	1.012e-07	0.02231	17.468	1.000000	1.55689	1
223	1782.41	9.69e-09	1.005e-07	0.02302	19.989	1.000000	1.68236	1
224	1812.64	9.882e-09	9.538e-08	0.02331	17.934	1.000000	1.67593	1
225	1813.13	9.654e-09	9.784e-08	0.02367	21.952	1.000000	1.62951	1
226	1813.06	9.711e-09	1.026e-07	0.02046	20.114	1.000000	1.40089	1
227	1809.98	9.712e-09	1.048e-07	0.02309	19.722	1.000000	1.64778	1
228	1815.68	9.594e-09	9.743e-08	0.0214	18.272	1.000000	1.54323	1
229	1794.98	1.045e-08	1.002e-07	0.0205	17.730	1.000000	1.33988	1
230	1786.33	1.044e-08	9.76e-08	0.02071	17.487	1.000000	1.36668	1
231	1782.52	1.011e-08	9.545e-08	0.02328	21.111	1.000000	1.49488	1
232	1795.36	1.041e-08	1.011e-07	0.01981	18.074	1.000000	1.30002	1
233	1790.41	9.79e-09	9.884e-08	0.02203	18.038	1.000000	1.56108	1
234	1810.81	1.03e-08	9.64e-08	0.02034	19.763	1.000000	1.26926	1
235	1795.25	9.696e-09	1.038e-07	0.02041	17.780	1.000000	1.51385	1
236	1811.71	9.599e-09	9.566e-08	0.02246	21.901	1.000000	1.52024	1
237	1800.77	9.918e-09	9.757e-08	0.02162	20.440	1.000000	1.43210	1
238	1784.10	1.04e-08	1.036e-07	0.02155	19.142	1.000000	1.42997	1
239	1786.13	9.84e-09	9.517e-08	0.02291	18.241	1.000000	1.76762	1
240	1815.03	9.531e-09	1.046e-07	0.0205	20.354	1.000000	1.45890	1
241	1787.41	9.514e-09	9.694e-08	0.02388	19.583	1.000000	1.82673	1
242	1785.84	1.016e-08	1.037e-07	0.02237	20.830	1.000000	1.46470	1
243	1783.40	1.01e-08	9.925e-08	0.02058	20.668	1.000000	1.31716	1
244	1793.78	9.708e-09	1.006e-07	0.02061	19.451	1.000000	1.41502	1
245	1801.82	1.003e-08	9.788e-08	0.0215	21.434	1.000000	1.37634	1
246	1817.92	9.93e-09	9.597e-08	0.0211	20.544	1.000000	1.30271	1
247	1796.57	1.049e-08	1.042e-07	0.02027	20.141	1.000000	1.20074	1
248	1812.61	1.018e-08	9.614e-08	0.02381	18.873	1.000000	1.58701	1
249	1796.50	9.818e-09	9.512e-08	0.02385	19.308	1.000000	1.67613	1
250	1799.29	1.022e-08	9.566e-08	0.02274	21.770	1.000000	1.36876	1
251	1805.80	9.808e-09	9.648e-08	0.02228	21.009	1.000000	1.49305	1
252	1802.17	9.501e-09	1.046e-07	0.02023	19.816	1.000000	1.41165	1
253	1816.06	1.022e-08	1.023e-07	0.02383	19.101	1.000000	1.56552	1
254	1786.36	9.832e-09	1.048e-07	0.0211	18.388	1.000000	1.51784	1
255	1797.02	9.736e-09	9.732e-08	0.01998	19.247	1.000000	1.36953	1
256	1782.73	9.66e-09	1.018e-07	0.02325	18.925	1.000000	1.77197	1
257	1816.19	9.674e-09	1.035e-07	0.01984	20.839	1.000000	1.38595	1
258	1804.17	9.573e-09	1.002e-07	0.0212	21.434	1.000000	1.40819	1
259	1797.29	9.645e-09	9.636e-08	0.02065	18.558	1.000000	1.49228	1
260	1808.47	1.038e-08	9.738e-08	0.02073	17.593	1.000000	1.31123	1
261	1807.89	9.996e-09	1.018e-07	0.02119	20.530	1.000000	1.35558	1
262	1789.11	9.617e-09	1.046e-07	0.02266	17.316	1.000000	1.74955	1
263	1800.95	9.548e-09	1.011e-07	0.02211	21.492	1.000000	1.51487	1
264	1810.00	1.014e-08	1.034e-07	0.02405	21.372	1.000000	1.57080	1
265	1795.25	1.014e-08	9.561e-08	0.02155	21.565	1.000000	1.26465	1
266	1797.70	1.016e-08	1.012e-07	0.0222	19.476	1.000000	1.44845	1
267	1805.98	1.027e-08	1.047e-07	0.02217	18.063	1.000000	1.49333	1
268	1784.91	9.853e-09	1.046e-07	0.02097	21.069	1.000000	1.36965	1
269	1808.78	9.701e-09	9.598e-08	0.02375	18.587	1.000000	1.68434	1
270	1807.51	1.008e-08	9.825e-08	0.02317	19.047	1.000000	1.53238	1
271	1811.35	1.035e-08	9.597e-08	0.02218	17.573	1.000000	1.43689	1
272	1795.68	9.828e-09	9.886e-08	0.02353	18.732	1.000000	1.68096	1
273	1798.01	1.048e-08	1.047e-07	0.02238	21.920	1.000000	1.31281	1
274	1785.48	1.036e-08	1.011e-07	0.02143	21.896	1.000000	1.30255	1
275	1794.37	1.006e-08	1.042e-07	0.02374	20.983	1.000000	1.69911	1
276	1817.93	9.773e-09	9.5e-08	0.02042	19.709	1.000000	1.35151	1
277	1794.16	9.553e-09	9.667e-08	0.02364	19.659	1.000000	1.77974	1
278	1816.04	9.89e-09	9.728e-08	0.02263	18.838	1.000000	1.57302	1
279	1789.11	1.019e-08	9.962e-08	0.02137	20.454	1.000000	1.33687	1
280	1812.26	9.868e-09	9.748e-08	0.02238	21.163	1.000000	1.41515	1
281	1793.20	1.033e-08	9.71e-08	0.02387	17.767	1.000000	1.63175	1
282	1782.51	9.902e-09	1.023e-07	0.02291	17.446	1.000000	1.69117	1
283	1795.09	1.039e-08	9.711e-08	0.02145	21.012	1.000000	1.25181	1
284	1801.68	9.803e-09	1.05e-07	0.02123	17.343	1.000000	1.53975	1
285	1782.03	9.897e-09	9.968e-08	0.02229	17.370	1.000000	1.66928	1
286	1786.99	9.705e-09	1.039e-07	0.02232	21.577	1.000000	1.53988	1
287	1788.11	9.965e-09	1.03e-07	0.02276	17.393	1.000000	1.77334	1
288	1785.07	9.63e-09	9.566e-08	0.02397	19.097	1.000000	1.76718	1
289	1804.87	9.579e-09	9.771e-08	0.02325	17.832	1.000000	1.75095	1
290	1792.05	9.713e-09	1.002e-07	0.02379	17.786	1.000000	1.79367	1
291	1809.91	9.702e-09	9.85e-08	0.02146	18.070	1.000000	1.52448	1
292	1790.57	1.028e-08	1.04e-07	0.02237	20.762	1.000000	1.43642	1
293	1797.17	1.011e-08	1.017e-07	0.02077	21.291	1.000000	1.30698	1
294	1811.87	9.624e-09	1.003e-07	0.0228	21.463	1.000000	1.55158	1
295	1813.32	9.886e-09	1.026e-07	0.02392	20.864	1.000000	1.64839	1
296	1803.01	9.536e-09	9.709e-08	0.02372	19.697	1.000000	1.81295	1
297	1791.54	9.628e-09	9.727e-08	0.02337	18.190	1.000000	1.76474	1
298	1813.50	9.684e-09	9.932e-08	0.02271	20.013	1.000000	1.58091	1
299	1817.32	9.999e-09	9.781e-08	0.02008	19.493	1.000000	1.27732	1
