# k	R	C1	C2	L	r_ohm	Ep/Em	sigc_msf_equiv	class	ring_thr_equiv
0	1800.00	1e-08	1e-07	0.022	18.440	1.000000	1.50007	1	1.5250
1	1800.00	1e-08	1e-07	0.022	18.440	1.000000	1.50007	1	1.5250
2	1800.00	1e-08	1e-07	0.022	18.440	1.000000	1.50007	1	1.5250
3	1800.00	1e-08	1e-07	0.022	18.440	1.000000	1.50007	1	1.5250
4	1800.00	1e-08	1e-07	0.022	18.440	1.000000	1.50007	1	1.5250
5	1800.00	1e-08	1e-07	0.022	18.440	1.000000	1.50007	1	1.5250
6	1800.00	1e-08	1e-07	0.022	18.440	1.000000	1.50007	1	1.5250
7	1800.00	1e-08	1e-07	0.022	18.440	1.000000	1.50007	1	1.5250
8	1800.00	1e-08	1e-07	0.022	18.440	1.000000	1.50007	1	1.5250
9	1800.00	1e-08	1e-07	0.022	18.440	1.000000	1.50007	1	1.5250
10	1800.00	1e-08	1e-07	0.022	18.440	1.000000	1.50007	1	1.5250
11	1800.00	1e-08	1e-07	0.022	18.440	1.000000	1.50007	1	1.5250
12	1800.00	1e-08	1e-07	0.022	18.440	1.000000	1.50007	1	1.5250
13	1800.00	1e-08	1e-07	0.022	18.440	1.000000	1.50007	1	1.5250
14	1800.00	1e-08	1e-07	0.022	18.440	1.000000	1.50007	1	1.5250
15	1800.00	1e-08	1e-07	0.022	18.440	1.000000	1.50007	1	1.5250
16	1800.00	1e-08	1e-07	0.022	18.440	1.000000	1.50007	1	1.5250
17	1800.00	1e-08	1e-07	0.022	18.440	1.000000	1.50007	1	1.5250
18	1800.00	1e-08	1e-07	0.022	18.440	1.000000	1.50007	1	1.5250
19	1800.00	1e-08	1e-07	0.022	18.440	1.000000	1.50007	1	1.5250
20	1800.00	1e-08	1e-07	0.022	18.440	1.000000	1.50007	1	1.5250
21	1800.00	1e-08	1e-07	0.022	18.440	1.000000	1.50007	1	1.5250
22	1800.00	1e-08	1e-07	0.022	18.440	1.000000	1.50007	1	1.5250
23	1800.00	1e-08	1e-07	0.022	18.440	1.000000	1.50007	1	1.5250
24	1800.00	1e-08	1e-07	0.022	18.440	1.000000	1.50007	1	1.5250
25	1800.00	1e-08	1e-07	0.022	18.440	1.000000	1.50007	1	1.5250
26	1800.00	1e-08	1e-07	0.022	18.440	1.000000	1.50007	1	1.5250
27	1800.00	1e-08	1e-07	0.022	18.440	1.000000	1.50007	1	1.5250
28	1800.00	1e-08	1e-07	0.022	18.440	1.000000	1.50007	1	1.5250
29	1800.00	1e-08	1e-07	0.022	18.440	1.000000	1.50007	1	1.5250
30	1800.00	1e-08	1e-07	0.022	18.440	1.000000	1.50007	1	1.5250
31	1800.00	1e-08	1e-07	0.022	18.440	1.000000	1.50007	1	1.5250
32	1800.00	1e-08	1e-07	0.022	18.440	1.000000	1.50007	1	1.5250
33	1800.00	1e-08	1e-07	0.022	18.440	1.000000	1.50007	1	1.5250
34	1800.00	1e-08	1e-07	0.022	18.440	1.000000	1.50007	1	1.5250
35	1800.00	1e-08	1e-07	0.022	18.440	1.000000	1.50007	1	1.5250
36	1800.00	1e-08	1e-07	0.022	18.440	1.000000	1.50007	1	1.5250
37	1800.00	1e-08	1e-07	0.022	18.440	1.000000	1.50007	1	1.5250
38	1800.00	1e-08	1e-07	0.022	18.440	1.000000	1.50007	1	1.5250
39	1800.00	1e-08	1e-07	0.022	18.440	1.000000	1.50007	1	1.5250
