# r_ohm	gamma	sigc_msf	lam1_node	class(0=fp,1=double-scroll,2=other,3=outer)	Rc*_ohm
0.000	0.000000	2.25895	0.45773	1	7968.3
2.000	0.016364	2.15739	0.42402	1	8343.4
4.000	0.032727	2.06511	0.39613	1	8716.3
6.000	0.049091	1.98144	0.36856	1	9084.3
8.000	0.065455	1.99173	0.41279	1	9037.4
10.000	0.081818	2.56873	0.00027	2	7007.4
12.000	0.098182	1.77169	0.33777	1	10159.8
14.000	0.114545	1.67922	0.31014	1	10719.3
16.000	0.130909	1.63568	0.32425	1	11004.6
18.000	0.147273	1.52500	0.27752	1	11803.3
20.000	0.163636	1.45248	0.28008	1	12392.6
22.000	0.180000	1.38682	0.22917	1	12979.3
24.000	0.196364	1.32574	0.20892	1	13577.3
26.000	0.212727	1.23436	0.19641	1	14582.4
28.000	0.229091	1.18832	0.16881	1	15147.4
30.000	0.245455	1.10131	0.17006	1	16344.1
32.000	0.261818	1.07866	0.14539	1	16687.3
34.000	0.278182	1.06097	0.16734	1	16965.5
36.000	0.294545	1.03124	0.16707	1	17454.7
38.000	0.310909	1.06783	0.22851	1	16856.5
40.000	0.327273	1.09993	0.25264	2	16364.7
42.000	0.343636	1.39748	0.00028	2	12880.3
44.000	0.360000	0.99711	0.00006	2	18052.2
46.000	0.376364	0.95979	-0.00007	2	18754.0
48.000	0.392727	0.84430	0.00014	2	21319.4
50.000	0.409091	0.00000	-0.00003	2	inf
52.000	0.425455	0.00000	-0.00992	2	inf
54.000	0.441818	0.00000	-0.01980	2	inf
56.000	0.458182	0.00000	-0.03011	2	inf
58.000	0.474545	0.00000	-0.04011	2	inf
60.000	0.490909	0.00000	-0.05011	2	inf
62.000	0.507273	0.00000	-0.06054	2	inf
64.000	0.523636	0.00000	-0.07044	2	inf
66.000	0.540000	0.00000	-0.08058	2	inf
68.000	0.556364	0.00000	-0.09080	2	inf
70.000	0.572727	0.00000	-0.10079	2	inf
72.000	0.589091	0.00000	-0.11118	2	inf
74.000	0.605455	0.00000	-0.12138	2	inf
76.000	0.621818	0.00000	-0.13163	2	inf
78.000	0.638182	0.00000	-0.14208	2	inf
80.000	0.654545	0.00000	-0.15202	2	inf
82.000	0.670909	0.00000	-0.16255	2	inf
84.000	0.687273	0.00000	-0.17278	2	inf
86.000	0.703636	0.00000	-0.18314	2	inf
88.000	0.720000	0.00000	-0.19348	2	inf
90.000	0.736364	0.00000	-0.20372	2	inf
