r0	ic	lam1	maxabs	frot_per_tau	lobes_per100tau	frac_inner
18.1700	0	0.258249	4.3246	0.45880	10.345	0.0609
18.1700	1	0.255592	4.3246	0.45908	10.225	0.0595
18.1700	2	0.263626	4.3246	0.45970	10.355	0.0613
18.1700	3	0.261498	4.3246	0.45955	10.280	0.0597
18.1700	4	0.259048	4.3246	0.45945	10.500	0.0618
18.1710	0	0.261179	4.3246	0.45870	10.390	0.0613
18.1710	1	0.260699	4.3246	0.46030	10.325	0.0598
18.1710	2	0.264781	4.3246	0.45972	10.410	0.0612
18.1710	3	0.264581	4.3246	0.45970	10.390	0.0613
18.1710	4	0.265977	4.3246	0.45953	10.440	0.0612
18.1720	0	0.262624	4.3246	0.45913	10.325	0.0600
18.1720	1	0.260071	4.3246	0.45960	10.325	0.0594
18.1720	2	0.260735	4.3246	0.45932	10.305	0.0594
18.1720	3	0.259701	4.3246	0.45917	10.330	0.0606
18.1720	4	0.258650	4.3246	0.45985	10.545	0.0621
18.1730	0	0.259188	4.3246	0.45898	10.240	0.0604
18.1730	1	0.263026	4.3246	0.46022	10.335	0.0604
18.1730	2	0.262598	4.3246	0.45905	10.250	0.0606
18.1730	3	0.259008	4.3246	0.46027	10.430	0.0615
18.1730	4	0.265637	4.3246	0.46015	10.275	0.0603
18.1740	0	0.261828	4.3247	0.46025	10.260	0.0605
18.1740	1	0.257251	4.3246	0.45875	10.490	0.0606
18.1740	2	0.267215	4.3246	0.45953	10.245	0.0610
18.1740	3	0.259864	4.3246	0.45900	10.540	0.0624
18.1740	4	0.257877	4.3246	0.45932	10.550	0.0612
18.1750	0	0.262201	4.3247	0.46015	10.305	0.0602
18.1750	1	0.261646	4.3246	0.45965	10.265	0.0607
18.1750	2	0.259674	4.3246	0.45972	10.480	0.0605
18.1750	3	0.265316	4.3247	0.45982	10.365	0.0617
18.1750	4	0.259826	4.3247	0.45940	10.345	0.0607
18.1760	0	0.261648	4.3247	0.45890	10.185	0.0608
18.1760	1	0.258779	4.3247	0.45920	10.335	0.0607
18.1760	2	0.265191	4.3246	0.45920	10.310	0.0617
18.1760	3	0.263753	4.3247	0.46053	10.365	0.0605
18.1760	4	0.256269	4.3246	0.45895	10.380	0.0597
18.1770	0	0.265669	4.3246	0.45958	10.235	0.0614
18.1770	1	0.267160	4.3247	0.45987	10.265	0.0611
18.1770	2	0.259324	4.3247	0.45950	10.510	0.0616
18.1770	3	0.263465	4.3246	0.45942	10.155	0.0597
18.1770	4	0.261006	4.3247	0.45953	10.355	0.0603
18.1780	0	0.261675	4.3247	0.45922	10.220	0.0605
18.1780	1	0.261920	4.3247	0.45917	10.325	0.0606
18.1780	2	0.260472	4.3247	0.46022	10.265	0.0604
18.1780	3	0.261739	4.3247	0.46025	10.225	0.0600
18.1780	4	0.265004	4.3247	0.45930	10.265	0.0609
18.1790	0	0.257988	4.3247	0.45898	10.490	0.0613
18.1790	1	0.266382	4.3247	0.46032	10.405	0.0614
18.1790	2	0.258552	4.3247	0.45945	10.340	0.0603
18.1790	3	0.257953	4.3247	0.45895	10.280	0.0607
18.1790	4	0.260271	4.3247	0.46005	10.245	0.0599
18.1800	0	0.271127	4.3247	0.45917	10.255	0.0620
18.1800	1	0.258395	4.3247	0.45915	10.270	0.0602
18.1800	2	0.260585	4.3247	0.45940	10.200	0.0596
18.1800	3	0.260127	4.3247	0.45975	10.265	0.0593
18.1800	4	0.261611	4.3247	0.45925	10.155	0.0599
18.1810	0	0.258918	4.3247	0.45942	10.285	0.0592
18.1810	1	0.264071	4.3247	0.46020	10.380	0.0614
18.1810	2	0.253568	4.3247	0.45875	10.155	0.0588
18.1810	3	0.256878	4.3247	0.45858	10.100	0.0586
18.1810	4	0.256870	4.3247	0.45880	10.455	0.0611
18.1820	0	0.260434	4.3247	0.46000	10.325	0.0610
18.1820	1	0.256446	4.3247	0.45930	10.345	0.0598
18.1820	2	0.256434	4.3247	0.45908	10.260	0.0600
18.1820	3	0.258661	4.3247	0.45972	10.205	0.0586
18.1820	4	0.258672	4.3247	0.45980	10.465	0.0616
18.1830	0	0.261775	4.3247	0.46108	10.370	0.0605
18.1830	1	0.262917	4.3247	0.46020	10.380	0.0607
18.1830	2	0.257543	4.3247	0.45972	10.390	0.0607
18.1830	3	0.262059	4.3247	0.45960	10.190	0.0601
18.1830	4	0.260771	4.3247	0.46065	10.210	0.0591
18.1840	0	0.259616	4.3247	0.45942	10.255	0.0591
18.1840	1	0.260188	4.3247	0.46020	10.340	0.0609
18.1840	2	0.260976	4.3247	0.45987	10.360	0.0604
18.1840	3	0.260654	4.3247	0.46040	10.300	0.0598
18.1840	4	0.260306	4.3247	0.45872	10.330	0.0610
18.1850	0	0.254497	4.3247	0.45887	10.560	0.0619
18.1850	1	0.259850	4.3247	0.45930	10.450	0.0612
18.1850	2	0.263091	4.3247	0.46018	10.335	0.0606
18.1850	3	0.257520	4.3247	0.45990	10.480	0.0609
18.1850	4	0.255314	4.3247	0.45932	10.325	0.0600
18.1860	0	0.262512	4.3247	0.45937	10.290	0.0611
18.1860	1	0.257172	4.3247	0.45895	10.330	0.0595
18.1860	2	0.262533	4.3247	0.45975	10.415	0.0609
18.1860	3	0.254599	4.3247	0.45972	10.345	0.0593
18.1860	4	0.256068	4.3247	0.45950	10.385	0.0602
18.1870	0	0.255376	4.3247	0.45948	10.610	0.0614
18.1870	1	0.255773	4.3247	0.45945	10.500	0.0621
18.1870	2	0.263592	4.3247	0.45937	10.195	0.0596
18.1870	3	0.262814	4.3247	0.45945	10.145	0.0591
18.1870	4	0.259328	4.3247	0.45965	10.430	0.0613
18.1880	0	0.259814	4.3247	0.45915	10.405	0.0621
18.1880	1	0.261036	4.3247	0.45930	10.375	0.0602
18.1880	2	0.259293	4.3247	0.45930	10.475	0.0604
18.1880	3	0.258280	4.3247	0.45932	10.295	0.0596
18.1880	4	0.266061	4.3247	0.46003	10.405	0.0622
18.1890	0	0.256750	4.3247	0.45922	10.410	0.0610
18.1890	1	0.262276	4.3247	0.46072	10.610	0.0615
18.1890	2	0.253451	4.3247	0.45950	10.635	0.0618
18.1890	3	0.259492	4.3247	0.45958	10.520	0.0620
18.1890	4	0.253487	4.3247	0.45975	10.635	0.0612
18.1900	0	0.250828	4.3247	0.45890	10.655	0.0619
18.1900	1	0.264278	4.3247	0.45932	10.145	0.0596
18.1900	2	0.258419	4.3247	0.45908	10.440	0.0603
18.1900	3	0.252835	4.3247	0.45985	10.525	0.0605
18.1900	4	0.263364	4.3247	0.45982	10.285	0.0616
18.1910	0	0.258316	4.3247	0.45930	10.395	0.0610
18.1910	1	0.259010	4.3247	0.45922	10.340	0.0606
18.1910	2	0.260829	4.3247	0.45942	10.375	0.0611
18.1910	3	0.259423	4.3247	0.45922	10.310	0.0604
18.1910	4	0.260645	4.3247	0.45917	10.605	0.0631
18.1920	0	0.261580	4.3247	0.45930	10.325	0.0604
18.1920	1	0.262201	4.3247	0.45995	10.440	0.0620
18.1920	2	0.252157	4.3247	0.45942	10.470	0.0615
18.1920	3	0.253811	4.3247	0.45915	10.520	0.0614
18.1920	4	0.257934	4.3247	0.46005	10.395	0.0601
18.1930	0	0.260771	4.3247	0.46010	10.510	0.0621
18.1930	1	0.258017	4.3247	0.45927	10.420	0.0618
18.1930	2	0.255177	4.3247	0.45942	10.575	0.0610
18.1930	3	0.258686	4.3247	0.45887	10.285	0.0606
18.1930	4	0.261653	4.3247	0.45930	10.415	0.0616
18.1940	0	0.254555	4.3247	0.45895	10.210	0.0596
18.1940	1	0.255495	4.3247	0.45942	10.260	0.0596
18.1940	2	0.259599	4.3247	0.45932	10.285	0.0604
18.1940	3	0.255345	4.3247	0.45965	10.550	0.0618
18.1940	4	0.259310	4.3247	0.45858	10.315	0.0617
18.1950	0	0.258441	4.3247	0.45900	10.460	0.0616
18.1950	1	0.256058	4.3247	0.45958	10.355	0.0598
18.1950	2	0.256315	4.3247	0.45895	10.405	0.0617
18.1950	3	0.261897	4.3247	0.45998	10.450	0.0619
18.1950	4	0.256463	4.3247	0.45940	10.440	0.0617
18.1960	0	0.255774	4.3247	0.45960	10.260	0.0598
18.1960	1	0.248628	4.3247	0.45900	10.520	0.0610
18.1960	2	0.249320	4.3247	0.45925	10.610	0.0623
18.1960	3	0.258240	4.3247	0.45913	10.630	0.0631
18.1960	4	0.250466	4.3247	0.45922	10.490	0.0603
18.1970	0	0.254440	4.3247	0.45995	10.390	0.0600
18.1970	1	0.246139	4.3247	0.45903	10.615	0.0613
18.1970	2	0.254072	4.3247	0.45998	10.440	0.0610
18.1970	3	0.256102	4.3247	0.45913	10.600	0.0630
18.1970	4	0.257235	4.3247	0.45982	10.440	0.0613
18.1980	0	0.258873	4.3247	0.45910	10.405	0.0621
18.1980	1	0.250527	4.3247	0.45985	10.450	0.0599
18.1980	2	0.253674	4.3247	0.45895	10.680	0.0632
18.1980	3	0.248572	4.3247	0.45895	10.515	0.0605
18.1980	4	0.252796	4.3247	0.45945	10.425	0.0607
18.1990	0	0.254081	4.3247	0.45903	10.395	0.0607
18.1990	1	0.256153	4.3247	0.45895	10.300	0.0600
18.1990	2	0.258493	4.3247	0.45940	10.350	0.0613
18.1990	3	0.249544	4.3247	0.45835	10.510	0.0616
18.1990	4	0.250950	4.3247	0.45870	10.575	0.0618
18.2000	0	0.252984	4.3247	0.45917	10.435	0.0609
18.2000	1	0.246081	4.3247	0.45880	10.640	0.0612
18.2000	2	0.248885	4.3247	0.45953	10.510	0.0612
18.2000	3	0.256479	4.3247	0.45980	10.665	0.0628
18.2000	4	0.246389	4.3247	0.45942	10.745	0.0621
18.2010	0	0.250779	4.3247	0.45948	10.445	0.0606
18.2010	1	0.248641	4.3247	0.45915	10.420	0.0615
18.2010	2	0.247753	4.3247	0.45955	10.645	0.0617
18.2010	3	0.249402	4.3247	0.45887	10.720	0.0623
18.2010	4	0.247314	4.3247	0.45922	10.805	0.0634
18.2020	0	0.245956	4.3247	0.45910	10.650	0.0626
18.2020	1	0.241884	4.3247	0.45932	10.880	0.0640
18.2020	2	0.251634	4.3247	0.46000	10.560	0.0613
18.2020	3	0.247710	4.3247	0.45992	10.620	0.0627
18.2020	4	0.230785	4.3247	0.45890	11.025	0.0628
18.2030	0	0.237750	4.3247	0.45900	11.030	0.0647
18.2030	1	0.226595	4.3247	0.45810	11.070	0.0647
18.2030	2	0.237943	4.3247	0.45913	10.830	0.0630
18.2030	3	0.240743	4.3247	0.45953	10.960	0.0644
18.2030	4	0.238304	4.3247	0.45915	10.740	0.0615
18.2040	0	0.211178	4.3247	0.45827	11.420	0.0668
18.2040	1	0.215460	4.3247	0.45832	11.415	0.0673
18.2040	2	0.209155	4.3247	0.45853	11.475	0.0669
18.2040	3	0.209212	4.3247	0.45858	11.555	0.0667
18.2040	4	0.217703	4.3247	0.45875	11.255	0.0655
18.2050	0	0.101833	4.3247	0.45558	13.880	0.0815
18.2050	1	0.172982	4.3247	0.45743	12.170	0.0711
18.2050	2	0.145348	4.3247	0.45610	12.905	0.0771
18.2050	3	0.150914	4.3247	0.45677	12.830	0.0754
18.2050	4	0.136021	4.3247	0.45632	13.180	0.0776
18.2060	0	0.035268	4.3245	0.45432	14.875	0.0879
18.2060	1	0.036587	4.3247	0.45455	14.870	0.0878
18.2060	2	0.033505	4.3245	0.45432	14.990	0.0885
18.2060	3	0.023761	4.3245	0.45403	15.135	0.0895
18.2060	4	0.024723	4.3245	0.45403	15.135	0.0895
18.2070	0	0.028674	4.3246	0.45432	14.855	0.0880
18.2070	1	0.015704	4.3243	0.45403	15.135	0.0895
18.2070	2	0.015385	4.3243	0.45400	15.135	0.0895
18.2070	3	0.015153	4.3243	0.45403	15.135	0.0895
18.2070	4	0.018287	4.3247	0.45410	15.080	0.0892
18.2080	0	-0.023642	4.3244	0.45417	14.970	0.0886
18.2080	1	-0.034191	4.3241	0.45403	15.135	0.0895
18.2080	2	-0.004079	4.3246	0.45455	14.620	0.0861
18.2080	3	-0.033604	4.3241	0.45403	15.135	0.0895
18.2080	4	-0.033850	4.3241	0.45403	15.135	0.0895
18.2090	0	0.005809	4.3247	0.45420	15.005	0.0886
18.2090	1	0.012384	4.3247	0.45420	14.885	0.0878
18.2090	2	0.023928	4.3247	0.45470	14.665	0.0860
18.2090	3	0.005472	4.3240	0.45422	15.020	0.0882
18.2090	4	0.049863	4.3247	0.45527	14.220	0.0841
18.2100	0	-0.026269	4.3241	0.45405	15.135	0.0893
18.2100	1	0.027164	4.3247	0.45467	14.190	0.0837
18.2100	2	0.006642	4.3247	0.45475	14.555	0.0859
18.2100	3	-0.020281	4.3245	0.45422	15.040	0.0887
18.2100	4	-0.026182	4.3241	0.45405	15.135	0.0893
18.2110	0	-0.010708	4.3243	0.45413	15.110	0.0886
18.2110	1	-0.005739	4.3243	0.45420	15.000	0.0880
18.2110	2	-0.008222	4.3244	0.45417	15.085	0.0885
18.2110	3	0.017140	4.3247	0.45472	14.625	0.0859
18.2110	4	0.020926	4.3247	0.45475	14.585	0.0853
18.2120	0	0.262818	4.3247	0.45980	10.235	0.0595
18.2120	1	0.263097	4.3247	0.45987	10.200	0.0604
18.2120	2	0.245973	4.3247	0.45922	10.525	0.0596
18.2120	3	0.258741	4.3247	0.45972	10.375	0.0608
18.2120	4	0.254246	4.3247	0.45922	10.440	0.0610
18.2130	0	0.255957	4.3247	0.45968	10.485	0.0598
18.2130	1	0.255970	4.3247	0.45945	10.390	0.0603
18.2130	2	0.251851	4.3247	0.46015	10.450	0.0602
18.2130	3	0.262959	4.3247	0.46035	10.250	0.0601
18.2130	4	0.262833	4.3247	0.45980	10.150	0.0590
18.2140	0	0.264096	4.3247	0.46005	10.400	0.0607
18.2140	1	0.256529	4.3247	0.45968	10.285	0.0592
18.2140	2	0.266225	4.3247	0.45992	10.150	0.0603
18.2140	3	0.261411	4.3247	0.45935	10.255	0.0599
18.2140	4	0.263871	4.3247	0.45927	9.955	0.0585
18.2150	0	0.261672	4.3247	0.45950	10.180	0.0594
18.2150	1	0.259630	4.3247	0.45925	10.080	0.0589
18.2150	2	0.259566	4.3247	0.46040	10.340	0.0589
18.2150	3	0.263635	4.3247	0.46087	10.250	0.0596
18.2150	4	0.265296	4.3247	0.45945	10.275	0.0614
18.2160	0	0.261076	4.3247	0.45953	10.115	0.0590
18.2160	1	0.260036	4.3247	0.45987	9.930	0.0577
18.2160	2	0.256078	4.3247	0.45867	10.270	0.0594
18.2160	3	0.261449	4.3247	0.45963	10.215	0.0599
18.2160	4	0.256683	4.3247	0.45980	10.330	0.0588
18.2170	0	0.260381	4.3247	0.45880	10.185	0.0599
18.2170	1	0.263401	4.3247	0.45975	10.215	0.0590
18.2170	2	0.265481	4.3247	0.45940	9.995	0.0593
18.2170	3	0.258825	4.3247	0.45945	10.310	0.0594
18.2170	4	0.265892	4.3247	0.45982	10.130	0.0600
18.2180	0	0.271561	4.3247	0.46015	10.075	0.0604
18.2180	1	0.263541	4.3247	0.45968	10.225	0.0601
18.2180	2	0.261017	4.3247	0.45948	10.220	0.0590
18.2180	3	0.263669	4.3247	0.45985	10.230	0.0597
18.2180	4	0.261283	4.3247	0.45980	10.185	0.0595
18.2190	0	0.264968	4.3247	0.45987	10.200	0.0597
18.2190	1	0.266004	4.3247	0.46092	10.085	0.0582
18.2190	2	0.263572	4.3247	0.45972	10.155	0.0595
18.2190	3	0.270423	4.3247	0.46015	9.955	0.0594
18.2190	4	0.262133	4.3247	0.45980	10.235	0.0591
18.2200	0	0.264635	4.3247	0.45910	10.085	0.0591
18.2200	1	0.264847	4.3247	0.45985	9.980	0.0592
18.2200	2	0.264320	4.3247	0.45975	10.150	0.0600
18.2200	3	0.267979	4.3247	0.46003	10.225	0.0603
18.2200	4	0.264556	4.3247	0.46015	10.160	0.0597
18.2210	0	0.265540	4.3247	0.46027	10.075	0.0581
18.2210	1	0.261525	4.3247	0.45955	10.245	0.0592
18.2210	2	0.264910	4.3247	0.45977	10.245	0.0600
18.2210	3	0.266767	4.3247	0.46032	10.190	0.0593
18.2210	4	0.264423	4.3247	0.45960	10.140	0.0596
18.2220	0	0.263598	4.3247	0.45950	10.185	0.0597
18.2220	1	0.265466	4.3247	0.45953	10.055	0.0592
18.2220	2	0.266263	4.3247	0.45925	10.145	0.0601
18.2220	3	0.266861	4.3247	0.46053	10.055	0.0588
18.2220	4	0.261697	4.3247	0.45995	10.070	0.0578
18.2230	0	0.264663	4.3247	0.46040	9.980	0.0581
18.2230	1	0.263467	4.3247	0.45995	10.125	0.0588
18.2230	2	0.263758	4.3247	0.46003	9.985	0.0586
18.2230	3	0.265827	4.3247	0.46013	10.160	0.0594
18.2230	4	0.264560	4.3247	0.45920	10.195	0.0595
18.2240	0	0.267038	4.3247	0.46048	10.030	0.0588
18.2240	1	0.262274	4.3247	0.45987	10.095	0.0584
18.2240	2	0.263762	4.3247	0.45935	10.230	0.0593
18.2240	3	0.263973	4.3247	0.45920	10.160	0.0594
18.2240	4	0.261576	4.3247	0.45945	9.970	0.0578
18.2250	0	0.260845	4.3247	0.45985	10.090	0.0575
18.2250	1	0.268110	4.3247	0.45955	10.055	0.0596
18.2250	2	0.266403	4.3247	0.45968	10.045	0.0590
18.2250	3	0.262646	4.3247	0.45998	10.175	0.0586
18.2250	4	0.262781	4.3247	0.45948	10.330	0.0600
18.2260	0	0.264871	4.3247	0.46053	10.195	0.0594
18.2260	1	0.264361	4.3247	0.45975	9.965	0.0585
18.2260	2	0.262954	4.3247	0.45958	9.990	0.0577
18.2260	3	0.258714	4.3247	0.45998	10.210	0.0569
18.2260	4	0.261604	4.3247	0.45972	10.055	0.0578
18.2270	0	0.261207	4.3247	0.46035	10.090	0.0580
18.2270	1	0.264453	4.3247	0.45932	10.155	0.0592
18.2270	2	0.265041	4.3247	0.45942	10.330	0.0606
18.2270	3	0.264612	4.3247	0.45992	10.175	0.0588
18.2270	4	0.264385	4.3247	0.45920	10.080	0.0590
18.2280	0	0.265347	4.3247	0.45910	9.845	0.0578
18.2280	1	0.267432	4.3247	0.46042	9.965	0.0583
18.2280	2	0.264113	4.3247	0.46020	10.100	0.0586
18.2280	3	0.262981	4.3247	0.46018	10.225	0.0594
18.2280	4	0.262407	4.3247	0.45935	10.130	0.0583
18.2290	0	0.263966	4.3247	0.45942	10.175	0.0595
18.2290	1	0.267359	4.3247	0.45935	10.155	0.0595
18.2290	2	0.265648	4.3247	0.45930	10.025	0.0594
18.2290	3	0.265401	4.3247	0.46035	10.185	0.0589
18.2290	4	0.267978	4.3247	0.46040	10.075	0.0595
18.2300	0	0.267030	4.3248	0.46010	9.995	0.0588
18.2300	1	0.268712	4.3247	0.45940	10.025	0.0590
18.2300	2	0.265557	4.3247	0.46050	10.090	0.0580
18.2300	3	0.265926	4.3247	0.45965	10.010	0.0586
18.2300	4	0.264113	4.3248	0.45998	9.960	0.0575
18.2310	0	0.264682	4.3247	0.46080	10.125	0.0583
18.2310	1	0.270614	4.3247	0.46005	10.095	0.0593
18.2310	2	0.266356	4.3247	0.45953	10.165	0.0594
18.2310	3	0.265811	4.3248	0.45970	10.160	0.0600
18.2310	4	0.271115	4.3247	0.45960	10.080	0.0599
18.2320	0	0.269749	4.3248	0.46020	9.900	0.0586
18.2320	1	0.266822	4.3248	0.45987	10.110	0.0590
18.2320	2	0.267752	4.3248	0.45972	9.940	0.0584
18.2320	3	0.262998	4.3248	0.46013	10.025	0.0573
18.2320	4	0.267124	4.3248	0.45990	10.150	0.0594
18.2330	0	0.266490	4.3248	0.46063	9.970	0.0571
18.2330	1	0.267492	4.3248	0.45998	9.965	0.0578
18.2330	2	0.268973	4.3248	0.45960	9.910	0.0588
18.2330	3	0.266046	4.3248	0.46025	10.055	0.0583
18.2330	4	0.264025	4.3247	0.45975	10.095	0.0591
18.2340	0	0.268336	4.3247	0.45982	9.945	0.0587
18.2340	1	0.267818	4.3248	0.46003	10.075	0.0597
18.2340	2	0.267656	4.3248	0.45992	10.080	0.0596
18.2340	3	0.260649	4.3248	0.45900	10.100	0.0588
18.2340	4	0.262893	4.3248	0.45945	10.035	0.0578
18.2350	0	0.267907	4.3248	0.46095	10.110	0.0591
18.2350	1	0.269014	4.3248	0.45977	9.895	0.0577
18.2350	2	0.266895	4.3248	0.46025	9.905	0.0584
18.2350	3	0.268584	4.3248	0.46127	10.040	0.0581
18.2350	4	0.260863	4.3248	0.46050	9.950	0.0569
18.2360	0	0.268995	4.3248	0.45985	9.985	0.0588
18.2360	1	0.269970	4.3248	0.45945	9.975	0.0589
18.2360	2	0.267446	4.3248	0.46048	9.860	0.0577
18.2360	3	0.269689	4.3247	0.46015	9.965	0.0592
18.2360	4	0.268889	4.3248	0.45998	9.880	0.0587
18.2370	0	0.263582	4.3248	0.45995	9.710	0.0568
18.2370	1	0.270017	4.3248	0.46020	9.985	0.0590
18.2370	2	0.261253	4.3248	0.45937	10.155	0.0588
18.2370	3	0.268103	4.3248	0.45985	9.995	0.0587
18.2370	4	0.262955	4.3248	0.46008	10.005	0.0582
18.2380	0	0.264984	4.3248	0.46042	10.050	0.0583
18.2380	1	0.268916	4.3248	0.45990	9.880	0.0581
18.2380	2	0.267549	4.3248	0.46015	10.020	0.0583
18.2380	3	0.264239	4.3248	0.45930	9.845	0.0581
18.2380	4	0.267338	4.3248	0.45972	9.835	0.0574
18.2390	0	0.264287	4.3248	0.46032	9.975	0.0580
18.2390	1	0.267853	4.3248	0.45987	9.950	0.0592
18.2390	2	0.262446	4.3248	0.46027	10.040	0.0576
18.2390	3	0.269491	4.3248	0.46063	9.930	0.0586
18.2390	4	0.260506	4.3248	0.45972	9.960	0.0576
18.2400	0	0.264770	4.3248	0.45895	9.740	0.0572
18.2400	1	0.265856	4.3248	0.45972	10.045	0.0589
18.2400	2	0.265870	4.3248	0.46018	9.850	0.0573
18.2400	3	0.267914	4.3248	0.45972	9.920	0.0585
18.2400	4	0.264001	4.3248	0.45915	10.140	0.0593
18.2410	0	0.264156	4.3248	0.45968	10.045	0.0584
18.2410	1	0.265222	4.3248	0.45940	9.875	0.0567
18.2410	2	0.267483	4.3248	0.46048	9.890	0.0578
18.2410	3	0.266603	4.3248	0.46065	9.860	0.0574
18.2410	4	0.266068	4.3248	0.46018	10.055	0.0586
18.2420	0	0.269701	4.3248	0.46070	9.895	0.0577
18.2420	1	0.268659	4.3248	0.45977	10.205	0.0600
18.2420	2	0.266096	4.3248	0.45980	10.085	0.0590
18.2420	3	0.268258	4.3248	0.46030	10.035	0.0588
18.2420	4	0.267238	4.3248	0.46087	10.045	0.0589
18.2430	0	0.266475	4.3248	0.46045	9.980	0.0587
18.2430	1	0.271554	4.3248	0.46018	10.155	0.0609
18.2430	2	0.268096	4.3248	0.46037	9.925	0.0587
18.2430	3	0.267816	4.3248	0.46020	9.955	0.0585
18.2430	4	0.270932	4.3248	0.46003	9.940	0.0592
18.2440	0	0.267195	4.3248	0.46032	10.130	0.0585
18.2440	1	0.271300	4.3248	0.46068	10.015	0.0589
18.2440	2	0.268253	4.3248	0.46042	10.045	0.0587
18.2440	3	0.270538	4.3248	0.46005	9.900	0.0586
18.2440	4	0.265006	4.3248	0.45998	10.000	0.0586
18.2450	0	0.269794	4.3248	0.46022	9.920	0.0597
18.2450	1	0.272537	4.3248	0.45942	9.900	0.0603
18.2450	2	0.271353	4.3248	0.46058	9.965	0.0586
18.2450	3	0.270307	4.3248	0.46042	10.015	0.0592
18.2450	4	0.264555	4.3248	0.45992	9.830	0.0580
18.2460	0	0.265606	4.3248	0.45887	9.985	0.0583
18.2460	1	0.266284	4.3248	0.46053	9.965	0.0570
18.2460	2	0.267073	4.3248	0.45942	9.845	0.0588
18.2460	3	0.267695	4.3248	0.46042	9.890	0.0577
18.2460	4	0.263935	4.3248	0.45975	9.925	0.0574
18.2470	0	0.267953	4.3248	0.45970	10.060	0.0590
18.2470	1	0.266948	4.3248	0.45995	10.160	0.0601
18.2470	2	0.269213	4.3248	0.46055	9.970	0.0586
18.2470	3	0.265779	4.3248	0.45982	9.955	0.0580
18.2470	4	0.264791	4.3248	0.45900	9.975	0.0585
18.2480	0	0.268726	4.3248	0.45920	9.895	0.0580
18.2480	1	0.267574	4.3248	0.45982	10.035	0.0591
18.2480	2	0.263736	4.3248	0.45932	9.955	0.0577
18.2480	3	0.265033	4.3248	0.46070	9.930	0.0579
18.2480	4	0.269291	4.3248	0.45977	9.955	0.0590
18.2490	0	0.263330	4.3248	0.45968	10.060	0.0590
18.2490	1	0.261648	4.3248	0.45975	10.020	0.0580
18.2490	2	0.266687	4.3248	0.45945	10.040	0.0590
18.2490	3	0.264542	4.3248	0.45995	10.040	0.0586
18.2490	4	0.263834	4.3248	0.46040	10.140	0.0578
18.2500	0	0.265143	4.3248	0.45995	10.135	0.0583
18.2500	1	0.271376	4.3248	0.45992	10.185	0.0603
18.2500	2	0.265079	4.3248	0.45948	9.965	0.0583
18.2500	3	0.269261	4.3248	0.45920	9.995	0.0587
18.2500	4	0.265370	4.3248	0.45963	10.005	0.0586
