sigma	lambda_perp_per_tau
0.0000	0.249139
0.0250	0.249435
0.0500	0.246140
0.0750	0.229059
0.1000	0.213002
0.1250	0.189107
0.1500	0.181055
0.1750	0.172970
0.2000	0.178559
0.2250	0.174869
0.2500	0.183450
0.2750	0.190115
0.3000	0.188977
0.3250	0.183974
0.3500	0.183131
0.3750	0.180003
0.4000	0.177196
0.4250	0.167889
0.4500	0.159170
0.4750	0.157357
0.5000	0.157952
0.5250	0.158215
0.5500	0.157208
0.5750	0.156291
0.6000	0.156235
0.6250	0.152529
0.6500	0.149486
0.6750	0.150010
0.7000	0.146446
0.7250	0.145587
0.7500	0.141854
0.7750	0.137460
0.8000	0.128911
0.8250	0.118965
0.8500	0.114316
0.8750	0.106821
0.9000	0.103739
0.9250	0.094103
0.9500	0.086877
0.9750	0.081647
1.0000	0.075063
1.0250	0.071535
1.0500	0.070104
1.0750	0.067128
1.1000	0.063874
1.1250	0.059249
1.1500	0.053082
1.1750	0.045510
1.2000	0.042680
1.2250	0.038724
1.2500	0.037296
1.2750	0.035696
1.3000	0.032259
1.3250	0.027563
1.3500	0.023235
1.3750	0.021690
1.4000	0.017315
1.4250	0.012142
1.4500	0.005526
1.4750	0.001721
1.5000	-0.001210
1.5250	-0.005480
1.5500	-0.006963
1.5750	-0.013772
1.6000	-0.015877
1.6250	-0.017775
1.6500	-0.021646
1.6750	-0.025643
1.7000	-0.028157
1.7250	-0.031240
1.7500	-0.035548
1.7750	-0.036365
1.8000	-0.040559
1.8250	-0.043411
1.8500	-0.046634
1.8750	-0.050524
1.9000	-0.053802
1.9250	-0.055705
1.9500	-0.059279
1.9750	-0.062196
2.0000	-0.064984
2.0250	-0.068178
2.0500	-0.071393
2.0750	-0.074821
2.1000	-0.077041
2.1250	-0.080784
2.1500	-0.081883
2.1750	-0.084367
2.2000	-0.088772
2.2250	-0.091718
2.2500	-0.093625
2.2750	-0.095469
2.3000	-0.098598
2.3250	-0.103207
2.3500	-0.105383
2.3750	-0.105693
2.4000	-0.109150
2.4250	-0.112452
2.4500	-0.114080
2.4750	-0.117851
2.5000	-0.120998
2.5250	-0.121746
2.5500	-0.124769
2.5750	-0.127015
2.6000	-0.129944
2.6250	-0.132437
2.6500	-0.134825
2.6750	-0.137016
2.7000	-0.139140
2.7250	-0.141416
2.7500	-0.144144
2.7750	-0.145930
2.8000	-0.149186
2.8250	-0.152071
2.8500	-0.153281
2.8750	-0.154995
2.9000	-0.157712
2.9250	-0.159479
2.9500	-0.161895
2.9750	-0.164271
3.0000	-0.166164
