# model=kennedy T=2000 dt=0.005 amp_ref=2.501594 r0=18.44 clip8=0 seeds=1,2,3,5,8,13
sigma	lock_rate	mean_mad_over_amp	mean_trit	escaped_frac	min_t_escape_tau	mean_tail_maxabs
0.000000	0.0000	1.12692	0.2180	0.0000	-1	4.325
0.025000	0.0000	1.13921	0.1994	0.0000	-1	4.332
0.050000	0.0000	1.06616	0.2480	0.0000	-1	4.34
0.075000	0.0000	1.03037	0.2726	0.0000	-1	4.354
0.100000	0.0000	1.01603	0.2761	0.0000	-1	4.36
0.125000	0.0000	0.962673	0.3170	0.0000	-1	4.365
0.150000	0.0000	0.914819	0.3493	0.0000	-1	4.401
0.175000	0.0000	0.865715	0.3798	0.0000	-1	4.414
0.200000	0.0000	0.836679	0.3954	0.0000	-1	4.412
0.225000	0.0000	0.807728	0.4187	0.0000	-1	4.457
0.250000	0.0000	0.972647	0.3499	0.3333	1077	5.528
0.275000	0.0000	0.695618	0.5413	0.8333	454.8	6.934
0.300000	0.0000	0.262822	0.8305	1.0000	67.83	7.366
0.325000	0.0000	0	1.0000	1.0000	65.04	7.346
0.350000	0.0000	0	1.0000	1.0000	42.1	7.346
0.375000	0.0000	0	1.0000	1.0000	42.37	7.346
0.400000	0.0000	0	1.0000	1.0000	31.98	7.346
0.425000	0.0000	0	1.0000	1.0000	32.32	7.346
0.450000	0.0000	0	1.0000	1.0000	25.39	7.346
0.475000	0.0000	0	1.0000	1.0000	25.23	7.346
0.500000	0.0000	0	1.0000	1.0000	22.91	7.346
0.525000	0.0000	0	1.0000	1.0000	22.95	7.346
0.550000	0.0000	0	1.0000	1.0000	24.98	7.346
0.575000	0.0000	0	1.0000	1.0000	26.07	7.346
0.600000	0.0000	0	1.0000	1.0000	30.28	7.346
0.625000	0.0000	0	1.0000	1.0000	28.4	7.346
0.650000	0.0000	0	1.0000	1.0000	28.36	7.346
0.675000	0.0000	0	1.0000	1.0000	32.92	7.346
0.700000	0.0000	0	1.0000	1.0000	37.55	7.346
0.725000	0.0000	0	1.0000	1.0000	28.93	7.346
0.750000	0.0000	0	1.0000	1.0000	37.31	7.346
0.775000	0.0000	0	1.0000	1.0000	39.52	7.346
0.800000	0.0000	0	1.0000	1.0000	40.59	7.346
0.825000	0.0000	0	1.0000	1.0000	40.64	7.346
0.850000	0.0000	0	1.0000	1.0000	44.19	7.346
0.875000	0.0000	0	1.0000	1.0000	48.17	7.346
0.900000	0.0000	0	1.0000	1.0000	43.22	7.346
0.925000	0.0000	0	1.0000	1.0000	52.19	7.346
0.950000	0.0000	0	1.0000	1.0000	49.68	7.346
0.975000	0.0000	0	1.0000	1.0000	58.19	7.346
1.000000	0.0000	0	1.0000	1.0000	60.21	7.346
1.025000	0.0000	0	1.0000	1.0000	53.52	7.346
1.050000	0.0000	0	1.0000	1.0000	63.27	7.346
1.075000	0.0000	0	1.0000	1.0000	61.01	7.346
1.100000	0.0000	0	1.0000	1.0000	63.99	7.346
1.125000	0.0000	0	1.0000	1.0000	66.88	7.346
1.150000	0.0000	0	1.0000	1.0000	70.98	7.346
1.175000	0.0000	0	1.0000	1.0000	66.53	7.346
1.200000	0.0000	0	1.0000	1.0000	71.88	7.346
1.225000	0.0000	0	1.0000	1.0000	84.35	7.346
1.250000	0.0000	0	1.0000	1.0000	81.14	7.346
1.275000	0.0000	0	1.0000	1.0000	99.55	7.346
1.300000	0.0000	0	1.0000	1.0000	91.36	7.346
1.325000	0.0000	0	1.0000	1.0000	143.7	7.346
1.350000	0.0000	0	1.0000	1.0000	160.2	7.346
1.375000	0.0000	0	1.0000	1.0000	133.3	7.346
1.400000	0.0000	0	1.0000	1.0000	197.5	7.346
1.425000	0.0000	0	1.0000	1.0000	172.1	7.346
1.450000	0.0000	0	1.0000	1.0000	384.7	7.346
1.475000	0.0000	0	1.0000	1.0000	292.4	7.346
1.500000	0.5000	0.0309867	0.9781	0.5000	242.4	5.847
1.525000	1.0000	2.11676e-05	1.0000	0.0000	-1	4.325
1.550000	1.0000	2.39118e-07	1.0000	0.0000	-1	4.324
1.575000	1.0000	2.61635e-09	1.0000	0.0000	-1	4.324
1.600000	1.0000	2.0319e-12	1.0000	0.0000	-1	4.321
1.625000	1.0000	5.08656e-14	1.0000	0.0000	-1	4.325
1.650000	1.0000	1.02114e-15	1.0000	0.0000	-1	4.325
1.675000	1.0000	7.15846e-16	1.0000	0.0000	-1	4.324
1.700000	1.0000	4.75371e-16	1.0000	0.0000	-1	4.325
1.725000	1.0000	2.68282e-16	1.0000	0.0000	-1	4.324
1.750000	1.0000	1.76812e-16	1.0000	0.0000	-1	4.324
1.775000	1.0000	0	1.0000	0.0000	-1	4.325
1.800000	1.0000	1.17429e-16	1.0000	0.0000	-1	4.324
1.825000	1.0000	9.82423e-18	1.0000	0.0000	-1	4.324
1.850000	1.0000	0	1.0000	0.0000	-1	4.324
1.875000	1.0000	9.59157e-17	1.0000	0.0000	-1	4.325
1.900000	1.0000	5.80032e-17	1.0000	0.0000	-1	4.325
1.925000	1.0000	4.41328e-18	1.0000	0.0000	-1	4.325
1.950000	1.0000	0	1.0000	0.0000	-1	4.324
1.975000	1.0000	0	1.0000	0.0000	-1	4.324
2.000000	1.0000	7.97625e-18	1.0000	0.0000	-1	4.324
2.025000	1.0000	0	1.0000	0.0000	-1	4.325
2.050000	1.0000	0	1.0000	0.0000	-1	4.325
2.075000	1.0000	0	1.0000	0.0000	-1	4.325
2.100000	1.0000	0	1.0000	0.0000	-1	4.325
2.125000	1.0000	0	1.0000	0.0000	-1	4.324
2.150000	1.0000	0	1.0000	0.0000	-1	4.325
2.175000	1.0000	0	1.0000	0.0000	-1	4.324
2.200000	1.0000	0	1.0000	0.0000	-1	4.325
2.225000	1.0000	0	1.0000	0.0000	-1	4.325
2.250000	1.0000	0	1.0000	0.0000	-1	4.324
2.275000	1.0000	0	1.0000	0.0000	-1	4.325
2.300000	1.0000	0	1.0000	0.0000	-1	4.325
2.325000	1.0000	0	1.0000	0.0000	-1	4.325
2.350000	1.0000	0	1.0000	0.0000	-1	4.325
2.375000	1.0000	0	1.0000	0.0000	-1	4.325
2.400000	1.0000	0	1.0000	0.0000	-1	4.324
2.425000	1.0000	0	1.0000	0.0000	-1	4.324
2.450000	1.0000	0	1.0000	0.0000	-1	4.324
2.475000	1.0000	0	1.0000	0.0000	-1	4.325
2.500000	1.0000	0	1.0000	0.0000	-1	4.325
2.525000	1.0000	0	1.0000	0.0000	-1	4.324
2.550000	1.0000	0	1.0000	0.0000	-1	4.325
2.575000	1.0000	0	1.0000	0.0000	-1	4.324
2.600000	1.0000	0	1.0000	0.0000	-1	4.324
2.625000	1.0000	0	1.0000	0.0000	-1	4.324
2.650000	1.0000	0	1.0000	0.0000	-1	4.324
2.675000	1.0000	0	1.0000	0.0000	-1	4.324
2.700000	1.0000	0	1.0000	0.0000	-1	4.324
2.725000	1.0000	0	1.0000	0.0000	-1	4.325
2.750000	1.0000	0	1.0000	0.0000	-1	4.324
2.775000	1.0000	0	1.0000	0.0000	-1	4.325
2.800000	1.0000	0	1.0000	0.0000	-1	4.325
2.825000	1.0000	0	1.0000	0.0000	-1	4.325
2.850000	1.0000	0	1.0000	0.0000	-1	4.323
2.875000	1.0000	0	1.0000	0.0000	-1	4.324
2.900000	1.0000	0	1.0000	0.0000	-1	4.324
2.925000	1.0000	0	1.0000	0.0000	-1	4.325
2.950000	1.0000	0	1.0000	0.0000	-1	4.325
2.975000	1.0000	0	1.0000	0.0000	-1	4.325
3.000000	1.0000	0	1.0000	0.0000	-1	4.325
0.900000	0.0000	0	1.0000	1.0000	43.22	7.346
1.000000	0.0000	0	1.0000	1.0000	60.21	7.346
1.617251	1.0000	5.73597e-13	1.0000	0.0000	-1	4.323
1.636364	1.0000	5.62265e-15	1.0000	0.0000	-1	4.324
1.618034	1.0000	1.4335e-13	1.0000	0.0000	-1	4.324
2.618034	1.0000	0	1.0000	0.0000	-1	4.322
