B	G	chi	n_chaotic/64	n_bounded/64	l1_median	f_Hz_median	xmin	xmax	best_seed
1	1	0.4280	0	0	nan	nan	nan	nan	-1(0.0000,0.0000,0.0000)
1	K	1.0189	0	42	nan	nan	nan	nan	-1(0.0000,0.0000,0.0000)
1	Theta	0.4665	0	0	nan	nan	nan	nan	-1(0.0000,0.0000,0.0000)
1	kappa	1.3605	0	41	nan	nan	nan	nan	-1(0.0000,0.0000,0.0000)
1	kappa/gamma_rel	0.5823	0	42	nan	nan	nan	nan	-1(0.0000,0.0000,0.0000)
1	gamma_rel	1.0000	0	42	nan	nan	nan	nan	-1(0.0000,0.0000,0.0000)
1	S_EM	0.4479	0	0	nan	nan	nan	nan	-1(0.0000,0.0000,0.0000)
K	1	0.1798	0	0	nan	nan	nan	nan	-1(0.0000,0.0000,0.0000)
K	K	0.4280	0	0	nan	nan	nan	nan	-1(0.0000,0.0000,0.0000)
K	Theta	0.1960	0	0	nan	nan	nan	nan	-1(0.0000,0.0000,0.0000)
K	kappa	0.5715	0	0	nan	nan	nan	nan	-1(0.0000,0.0000,0.0000)
K	kappa/gamma_rel	0.2446	0	0	nan	nan	nan	nan	-1(0.0000,0.0000,0.0000)
K	gamma_rel	0.4201	0	0	nan	nan	nan	nan	-1(0.0000,0.0000,0.0000)
K	S_EM	0.1882	0	0	nan	nan	nan	nan	-1(0.0000,0.0000,0.0000)
Theta	1	0.3927	0	0	nan	nan	nan	nan	-1(0.0000,0.0000,0.0000)
Theta	K	0.9348	0	42	nan	nan	nan	nan	-1(0.0000,0.0000,0.0000)
Theta	Theta	0.4280	0	0	nan	nan	nan	nan	-1(0.0000,0.0000,0.0000)
Theta	kappa	1.2482	0	41	nan	nan	nan	nan	-1(0.0000,0.0000,0.0000)
Theta	kappa/gamma_rel	0.5343	43	43	0.0648	822.2	-3.4630	2.0624	2(-0.7625,0.4619,1.1851)
Theta	gamma_rel	0.9175	0	42	nan	nan	nan	nan	-1(0.0000,0.0000,0.0000)
Theta	S_EM	0.4109	0	0	nan	nan	nan	nan	-1(0.0000,0.0000,0.0000)
kappa	1	0.1347	0	0	nan	nan	nan	nan	-1(0.0000,0.0000,0.0000)
kappa	K	0.3206	0	0	nan	nan	nan	nan	-1(0.0000,0.0000,0.0000)
kappa	Theta	0.1468	0	0	nan	nan	nan	nan	-1(0.0000,0.0000,0.0000)
kappa	kappa	0.4280	0	0	nan	nan	nan	nan	-1(0.0000,0.0000,0.0000)
kappa	kappa/gamma_rel	0.1832	0	0	nan	nan	nan	nan	-1(0.0000,0.0000,0.0000)
kappa	gamma_rel	0.3146	0	0	nan	nan	nan	nan	-1(0.0000,0.0000,0.0000)
kappa	S_EM	0.1409	0	0	nan	nan	nan	nan	-1(0.0000,0.0000,0.0000)
kappa/gamma_rel	1	0.3146	0	0	nan	nan	nan	nan	-1(0.0000,0.0000,0.0000)
kappa/gamma_rel	K	0.7489	0	42	nan	nan	nan	nan	-1(0.0000,0.0000,0.0000)
kappa/gamma_rel	Theta	0.3429	0	0	nan	nan	nan	nan	-1(0.0000,0.0000,0.0000)
kappa/gamma_rel	kappa	1.0000	0	42	nan	nan	nan	nan	-1(0.0000,0.0000,0.0000)
kappa/gamma_rel	kappa/gamma_rel	0.4280	0	0	nan	nan	nan	nan	-1(0.0000,0.0000,0.0000)
kappa/gamma_rel	gamma_rel	0.7350	0	42	nan	nan	nan	nan	-1(0.0000,0.0000,0.0000)
kappa/gamma_rel	S_EM	0.3292	0	0	nan	nan	nan	nan	-1(0.0000,0.0000,0.0000)
gamma_rel	1	0.1832	0	0	nan	nan	nan	nan	-1(0.0000,0.0000,0.0000)
gamma_rel	K	0.4361	0	0	nan	nan	nan	nan	-1(0.0000,0.0000,0.0000)
gamma_rel	Theta	0.1997	0	0	nan	nan	nan	nan	-1(0.0000,0.0000,0.0000)
gamma_rel	kappa	0.5823	0	32	nan	nan	nan	nan	-1(0.0000,0.0000,0.0000)
gamma_rel	kappa/gamma_rel	0.2493	0	0	nan	nan	nan	nan	-1(0.0000,0.0000,0.0000)
gamma_rel	gamma_rel	0.4280	0	0	nan	nan	nan	nan	-1(0.0000,0.0000,0.0000)
gamma_rel	S_EM	0.1917	0	0	nan	nan	nan	nan	-1(0.0000,0.0000,0.0000)
S_EM	1	0.4091	0	0	nan	nan	nan	nan	-1(0.0000,0.0000,0.0000)
S_EM	K	0.9738	0	42	nan	nan	nan	nan	-1(0.0000,0.0000,0.0000)
S_EM	Theta	0.4459	0	0	nan	nan	nan	nan	-1(0.0000,0.0000,0.0000)
S_EM	kappa	1.3002	0	41	nan	nan	nan	nan	-1(0.0000,0.0000,0.0000)
S_EM	kappa/gamma_rel	0.5566	42	42	0.0543	857.4	-3.3500	1.7345	2(-0.7625,0.4619,1.1851)
S_EM	gamma_rel	0.9557	0	42	nan	nan	nan	nan	-1(0.0000,0.0000,0.0000)
S_EM	S_EM	0.4280	0	0	nan	nan	nan	nan	-1(0.0000,0.0000,0.0000)
