A	ic	l1	l2	l3	sum	xmin	xmax	freq_per_tau
0.60000	0	0.03641	0.00022	-0.63663	-0.60000	-2.4692	1.2785	0.15390
0.60000	1	0.04158	0.00066	-0.64223	-0.60000	-2.4693	1.2785	0.15400
0.60000	2	0.03521	0.00003	-0.63524	-0.60000	-2.4692	1.2785	0.15390
0.60000	3	0.03973	0.00055	-0.64028	-0.60000	-2.4693	1.2784	0.15390
0.60020	0	0.03289	0.00045	-0.63353	-0.60020	-2.4690	1.2774	0.15380
0.60020	1	0.03878	-0.00016	-0.63882	-0.60020	-2.4690	1.2774	0.15390
0.60020	2	0.03702	-0.00029	-0.63693	-0.60020	-2.4690	1.2774	0.15390
0.60020	3	0.03678	0.00036	-0.63733	-0.60020	-2.4690	1.2774	0.15390
0.60040	0	0.04727	0.00041	-0.64808	-0.60040	-2.4687	1.2763	0.15420
0.60040	1	0.04410	-0.00002	-0.64449	-0.60040	-2.4687	1.2763	0.15410
0.60040	2	0.04432	-0.00011	-0.64461	-0.60040	-2.4687	1.2764	0.15410
0.60040	3	0.04040	-0.00006	-0.64073	-0.60040	-2.4687	1.2764	0.15400
0.60060	0	0.04244	0.00002	-0.64305	-0.60060	-2.4685	1.2753	0.15400
0.60060	1	0.04864	-0.00009	-0.64916	-0.60060	-2.4684	1.2751	0.15420
0.60060	2	0.04344	-0.00011	-0.64394	-0.60060	-2.4684	1.2753	0.15400
0.60060	3	0.03921	-0.00015	-0.63966	-0.60060	-2.4684	1.2753	0.15400
0.60080	0	0.04344	-0.00035	-0.64389	-0.60080	-2.4682	1.2743	0.15410
0.60080	1	0.04649	0.00004	-0.64732	-0.60080	-2.4682	1.2741	0.15420
0.60080	2	0.04206	-0.00015	-0.64271	-0.60080	-2.4682	1.2743	0.15410
0.60080	3	0.04340	-0.00050	-0.64370	-0.60080	-2.4682	1.2742	0.15410
0.60100	0	0.04416	-0.00011	-0.64505	-0.60100	-2.4679	1.2732	0.15420
0.60100	1	0.04468	0.00013	-0.64582	-0.60100	-2.4679	1.2732	0.15410
0.60100	2	0.04519	-0.00006	-0.64613	-0.60100	-2.4679	1.2731	0.15410
0.60100	3	0.05153	-0.00005	-0.65248	-0.60100	-2.4678	1.2730	0.15430
0.60120	0	0.04847	-0.00011	-0.64956	-0.60120	-2.4676	1.2719	0.15430
0.60120	1	0.04462	0.00025	-0.64607	-0.60120	-2.4676	1.2722	0.15410
0.60120	2	0.04084	0.00043	-0.64247	-0.60120	-2.4676	1.2721	0.15400
0.60120	3	0.04334	0.00002	-0.64456	-0.60120	-2.4676	1.2721	0.15420
0.60140	0	0.04843	-0.00018	-0.64966	-0.60140	-2.4674	1.2711	0.15430
0.60140	1	0.04282	0.00022	-0.64444	-0.60140	-2.4674	1.2711	0.15420
0.60140	2	0.04295	-0.00023	-0.64411	-0.60140	-2.4674	1.2711	0.15420
0.60140	3	0.05086	0.00004	-0.65230	-0.60140	-2.4674	1.2711	0.15440
0.60160	0	0.04648	-0.00022	-0.64786	-0.60160	-2.4669	1.2700	0.15430
0.60160	1	0.05063	0.00026	-0.65249	-0.60160	-2.4671	1.2700	0.15440
0.60160	2	0.05198	0.00021	-0.65379	-0.60160	-2.4671	1.2700	0.15440
0.60160	3	0.04684	0.00033	-0.64877	-0.60160	-2.4671	1.2700	0.15440
0.60180	0	0.04611	0.00013	-0.64804	-0.60180	-2.4668	1.2690	0.15430
0.60180	1	0.05120	-0.00002	-0.65299	-0.60180	-2.4668	1.2688	0.15430
0.60180	2	0.04867	-0.00015	-0.65032	-0.60180	-2.4669	1.2690	0.15430
0.60180	3	0.04774	-0.00057	-0.64896	-0.60180	-2.4668	1.2690	0.15420
0.60200	0	0.04608	0.00010	-0.64818	-0.60200	-2.4666	1.2679	0.15430
0.60200	1	0.04582	0.00011	-0.64793	-0.60200	-2.4666	1.2679	0.15430
0.60200	2	0.04616	-0.00014	-0.64802	-0.60200	-2.4666	1.2679	0.15430
0.60200	3	0.04772	0.00023	-0.64995	-0.60200	-2.4666	1.2679	0.15430
0.60220	0	0.04983	-0.00004	-0.65199	-0.60220	-2.4663	1.2668	0.15430
0.60220	1	0.04887	0.00017	-0.65124	-0.60220	-2.4663	1.2669	0.15430
0.60220	2	0.04873	0.00044	-0.65136	-0.60220	-2.4663	1.2668	0.15430
0.60220	3	0.05305	0.00013	-0.65538	-0.60220	-2.4663	1.2668	0.15450
0.60240	0	0.04830	0.00019	-0.65089	-0.60240	-2.4660	1.2658	0.15420
0.60240	1	0.04722	-0.00010	-0.64952	-0.60240	-2.4660	1.2658	0.15430
0.60240	2	0.04714	0.00015	-0.64969	-0.60240	-2.4660	1.2657	0.15430
0.60240	3	0.04784	0.00008	-0.65033	-0.60240	-2.4660	1.2658	0.15440
0.60260	0	0.04670	-0.00037	-0.64894	-0.60260	-2.4658	1.2648	0.15440
0.60260	1	0.05152	-0.00013	-0.65399	-0.60260	-2.4658	1.2647	0.15440
0.60260	2	0.04815	0.00006	-0.65080	-0.60260	-2.4658	1.2648	0.15440
0.60260	3	0.05085	0.00007	-0.65353	-0.60260	-2.4658	1.2648	0.15440
0.60280	0	0.05221	-0.00006	-0.65495	-0.60280	-2.4655	1.2636	0.15440
0.60280	1	0.05077	0.00003	-0.65360	-0.60280	-2.4655	1.2637	0.15450
0.60280	2	0.04981	0.00016	-0.65277	-0.60280	-2.4655	1.2637	0.15440
0.60280	3	0.05397	0.00007	-0.65684	-0.60280	-2.4655	1.2637	0.15450
0.60300	0	0.05228	-0.00011	-0.65516	-0.60300	-2.4652	1.2626	0.15450
0.60300	1	0.05245	-0.00006	-0.65539	-0.60300	-2.4652	1.2627	0.15450
0.60300	2	0.05266	0.00018	-0.65584	-0.60300	-2.4652	1.2626	0.15450
0.60300	3	0.05203	-0.00001	-0.65502	-0.60300	-2.4652	1.2627	0.15450
0.60320	0	0.05208	-0.00022	-0.65506	-0.60320	-2.4650	1.2616	0.15460
0.60320	1	0.05356	0.00024	-0.65700	-0.60320	-2.4650	1.2616	0.15460
0.60320	2	0.05513	-0.00011	-0.65823	-0.60320	-2.4650	1.2616	0.15460
0.60320	3	0.05309	0.00028	-0.65658	-0.60320	-2.4650	1.2616	0.15470
0.60340	0	0.05412	0.00052	-0.65804	-0.60340	-2.4647	1.2605	0.15460
0.60340	1	0.05009	-0.00017	-0.65331	-0.60340	-2.4647	1.2605	0.15450
0.60340	2	0.05133	-0.00035	-0.65437	-0.60340	-2.4647	1.2606	0.15450
0.60340	3	0.05144	0.00007	-0.65491	-0.60340	-2.4647	1.2605	0.15450
0.60360	0	0.05380	0.00018	-0.65757	-0.60360	-2.4645	1.2595	0.15450
0.60360	1	0.05336	-0.00005	-0.65691	-0.60360	-2.4644	1.2595	0.15450
0.60360	2	0.05379	-0.00009	-0.65731	-0.60360	-2.4644	1.2595	0.15460
0.60360	3	0.05413	0.00007	-0.65780	-0.60360	-2.4645	1.2595	0.15450
0.60380	0	0.05466	-0.00004	-0.65843	-0.60380	-2.4642	1.2583	0.15470
0.60380	1	0.04601	-0.00011	-0.64970	-0.60380	-2.4642	1.2585	0.15440
0.60380	2	0.05150	-0.00028	-0.65503	-0.60380	-2.4642	1.2584	0.15450
0.60380	3	0.05187	-0.00008	-0.65559	-0.60380	-2.4642	1.2585	0.15450
0.60400	0	0.05136	0.00016	-0.65551	-0.60400	-2.4639	1.2574	0.15460
0.60400	1	0.05361	0.00004	-0.65766	-0.60400	-2.4639	1.2574	0.15460
0.60400	2	0.05317	-0.00005	-0.65712	-0.60400	-2.4639	1.2573	0.15450
0.60400	3	0.05538	-0.00009	-0.65929	-0.60400	-2.4639	1.2574	0.15460
0.60420	0	0.05201	0.00001	-0.65622	-0.60420	-2.4636	1.2564	0.15450
0.60420	1	0.04949	-0.00009	-0.65360	-0.60420	-2.4636	1.2564	0.15450
0.60420	2	0.05309	-0.00009	-0.65720	-0.60420	-2.4637	1.2563	0.15450
0.60420	3	0.05038	-0.00015	-0.65443	-0.60420	-2.4636	1.2564	0.15440
0.60440	0	0.05399	0.00010	-0.65849	-0.60440	-2.4634	1.2553	0.15460
0.60440	1	0.05471	0.00017	-0.65928	-0.60440	-2.4634	1.2553	0.15460
0.60440	2	0.05438	0.00003	-0.65881	-0.60440	-2.4633	1.2553	0.15460
0.60440	3	0.05278	0.00016	-0.65734	-0.60440	-2.4634	1.2553	0.15450
0.60460	0	0.05480	0.00030	-0.65970	-0.60460	-2.4631	1.2543	0.15460
0.60460	1	0.05685	-0.00007	-0.66138	-0.60460	-2.4631	1.2543	0.15470
0.60460	2	0.05288	-0.00002	-0.65746	-0.60460	-2.4631	1.2543	0.15460
0.60460	3	0.05422	0.00014	-0.65896	-0.60460	-2.4631	1.2543	0.15460
0.60480	0	0.05582	-0.00002	-0.66060	-0.60480	-2.4628	1.2532	0.15460
0.60480	1	0.05226	0.00029	-0.65735	-0.60480	-2.4628	1.2532	0.15460
0.60480	2	0.05388	-0.00017	-0.65851	-0.60480	-2.4628	1.2532	0.15470
0.60480	3	0.05168	-0.00012	-0.65636	-0.60480	-2.4629	1.2532	0.15460
0.60500	0	0.05166	-0.00020	-0.65646	-0.60500	-2.4626	1.2522	0.15460
0.60500	1	0.05327	-0.00003	-0.65825	-0.60500	-2.4626	1.2522	0.15470
0.60500	2	0.05023	-0.00006	-0.65517	-0.60500	-2.4626	1.2522	0.15470
0.60500	3	0.05599	0.00004	-0.66104	-0.60500	-2.4626	1.2521	0.15470
0.60520	0	0.05109	0.00007	-0.65636	-0.60520	-2.4623	1.2511	0.15470
0.60520	1	0.05036	0.00011	-0.65566	-0.60520	-2.4623	1.2512	0.15460
0.60520	2	0.05151	0.00016	-0.65687	-0.60520	-2.4623	1.2511	0.15470
0.60520	3	0.05200	0.00027	-0.65747	-0.60520	-2.4623	1.2511	0.15480
0.60540	0	0.05130	0.00001	-0.65671	-0.60540	-2.4620	1.2501	0.15470
0.60540	1	0.03409	0.00001	-0.63950	-0.60540	-2.4620	1.2501	0.15450
0.60540	2	0.04000	-0.00058	-0.64482	-0.60540	-2.4621	1.2501	0.15450
0.60540	3	0.03567	0.00046	-0.64153	-0.60540	-2.4620	1.2501	0.15450
0.60560	0	0.05869	0.00007	-0.66436	-0.60560	-2.4618	1.2489	0.15480
0.60560	1	0.05416	-0.00011	-0.65965	-0.60560	-2.4617	1.2491	0.15470
0.60560	2	0.05491	-0.00007	-0.66044	-0.60560	-2.4618	1.2491	0.15470
0.60560	3	0.05681	-0.00008	-0.66233	-0.60560	-2.4618	1.2489	0.15470
0.60580	0	0.05496	-0.00021	-0.66056	-0.60580	-2.4615	1.2480	0.15480
0.60580	1	0.05896	0.00002	-0.66478	-0.60580	-2.4615	1.2480	0.15480
0.60580	2	0.05731	-0.00002	-0.66309	-0.60580	-2.4615	1.2480	0.15480
0.60580	3	0.05584	-0.00001	-0.66162	-0.60580	-2.4615	1.2480	0.15480
0.60600	0	0.05479	0.00015	-0.66094	-0.60600	-2.4612	1.2470	0.15480
0.60600	1	0.05723	0.00002	-0.66326	-0.60600	-2.4613	1.2470	0.15480
0.60600	2	0.05767	-0.00022	-0.66345	-0.60600	-2.4612	1.2470	0.15490
0.60600	3	0.05385	0.00001	-0.65986	-0.60600	-2.4613	1.2470	0.15480
0.60620	0	0.05689	-0.00007	-0.66301	-0.60620	-2.4610	1.2460	0.15490
0.60620	1	0.05634	0.00010	-0.66265	-0.60620	-2.4609	1.2459	0.15490
0.60620	2	0.05752	0.00002	-0.66374	-0.60620	-2.4610	1.2459	0.15490
0.60620	3	0.05464	-0.00011	-0.66073	-0.60620	-2.4610	1.2458	0.15480
0.60640	0	0.05600	-0.00002	-0.66238	-0.60640	-2.4607	1.2449	0.15480
0.60640	1	0.05429	-0.00005	-0.66064	-0.60640	-2.4607	1.2449	0.15480
0.60640	2	0.05467	0.00002	-0.66109	-0.60640	-2.4607	1.2449	0.15490
0.60640	3	0.05655	-0.00018	-0.66277	-0.60640	-2.4607	1.2449	0.15480
0.60660	0	0.05549	-0.00003	-0.66207	-0.60660	-2.4605	1.2439	0.15490
0.60660	1	0.05499	-0.00006	-0.66153	-0.60660	-2.4604	1.2439	0.15490
0.60660	2	0.05673	0.00000	-0.66333	-0.60660	-2.4604	1.2438	0.15490
0.60660	3	0.05536	0.00006	-0.66203	-0.60660	-2.4605	1.2438	0.15480
0.60680	0	0.05646	-0.00004	-0.66323	-0.60680	-2.4602	1.2428	0.15490
0.60680	1	0.05659	-0.00013	-0.66326	-0.60680	-2.4602	1.2428	0.15490
0.60680	2	0.05525	-0.00013	-0.66192	-0.60680	-2.4602	1.2428	0.15490
0.60680	3	0.05530	-0.00008	-0.66202	-0.60680	-2.4602	1.2428	0.15480
0.60700	0	0.05226	0.00014	-0.65940	-0.60700	-2.4599	1.2418	0.15480
0.60700	1	0.05389	-0.00003	-0.66085	-0.60700	-2.4599	1.2417	0.15490
0.60700	2	0.05540	-0.00008	-0.66232	-0.60700	-2.4599	1.2418	0.15480
0.60700	3	0.05572	0.00004	-0.66276	-0.60700	-2.4599	1.2418	0.15480
0.60720	0	0.05566	-0.00001	-0.66285	-0.60720	-2.4596	1.2407	0.15480
0.60720	1	0.05465	0.00012	-0.66197	-0.60720	-2.4596	1.2407	0.15480
0.60720	2	0.05496	0.00001	-0.66217	-0.60720	-2.4596	1.2407	0.15480
0.60720	3	0.05627	0.00028	-0.66375	-0.60720	-2.4597	1.2408	0.15490
0.60740	0	0.05342	0.00006	-0.66088	-0.60740	-2.4594	1.2397	0.15480
0.60740	1	0.01664	-0.00107	-0.62297	-0.60740	-2.4594	1.2397	0.15480
0.60740	2	0.04949	-0.00029	-0.65661	-0.60740	-2.4594	1.2397	0.15470
0.60740	3	0.03895	-0.00037	-0.64598	-0.60740	-2.4594	1.2397	0.15470
0.60760	0	0.05562	0.00023	-0.66345	-0.60760	-2.4591	1.2387	0.15480
0.60760	1	0.05486	-0.00002	-0.66244	-0.60760	-2.4591	1.2387	0.15480
0.60760	2	0.05718	0.00022	-0.66500	-0.60760	-2.4591	1.2387	0.15480
0.60760	3	0.05553	-0.00006	-0.66308	-0.60760	-2.4591	1.2387	0.15470
0.60780	0	0.05415	0.00014	-0.66208	-0.60780	-2.4589	1.2376	0.15490
0.60780	1	0.05424	-0.00001	-0.66203	-0.60780	-2.4589	1.2376	0.15480
0.60780	2	0.05454	0.00003	-0.66238	-0.60780	-2.4589	1.2376	0.15490
0.60780	3	0.05396	0.00009	-0.66184	-0.60780	-2.4588	1.2377	0.15480
0.60800	0	0.05645	-0.00010	-0.66435	-0.60800	-2.4586	1.2365	0.15480
0.60800	1	0.05393	0.00017	-0.66210	-0.60800	-2.4586	1.2366	0.15490
0.60800	2	0.05393	-0.00008	-0.66185	-0.60800	-2.4586	1.2366	0.15480
0.60800	3	0.05364	0.00014	-0.66179	-0.60800	-2.4586	1.2366	0.15480
0.60820	0	0.05156	0.00007	-0.65982	-0.60820	-2.4583	1.2356	0.15470
0.60820	1	0.04916	0.00010	-0.65746	-0.60820	-2.4583	1.2356	0.15470
0.60820	2	0.05304	0.00027	-0.66151	-0.60820	-2.4583	1.2356	0.15480
0.60820	3	0.05319	0.00010	-0.66149	-0.60820	-2.4583	1.2356	0.15480
0.60840	0	0.05229	0.00020	-0.66088	-0.60840	-2.4581	1.2346	0.15480
0.60840	1	0.05591	0.00010	-0.66441	-0.60840	-2.4581	1.2346	0.15490
0.60840	2	0.05539	0.00039	-0.66418	-0.60840	-2.4581	1.2346	0.15490
0.60840	3	0.05362	0.00013	-0.66215	-0.60840	-2.4581	1.2345	0.15490
0.60860	0	0.05581	-0.00008	-0.66433	-0.60860	-2.4578	1.2335	0.15490
0.60860	1	0.05820	-0.00013	-0.66667	-0.60860	-2.4578	1.2335	0.15490
0.60860	2	0.05684	0.00016	-0.66560	-0.60860	-2.4578	1.2335	0.15490
0.60860	3	0.05586	0.00069	-0.66515	-0.60860	-2.4578	1.2334	0.15480
0.60880	0	0.05353	0.00036	-0.66268	-0.60880	-2.4575	1.2325	0.15480
0.60880	1	0.05468	0.00019	-0.66367	-0.60880	-2.4575	1.2325	0.15490
0.60880	2	0.05406	0.00009	-0.66295	-0.60880	-2.4575	1.2325	0.15480
0.60880	3	0.05394	0.00069	-0.66343	-0.60880	-2.4575	1.2325	0.15490
0.60900	0	0.05159	0.00005	-0.66064	-0.60900	-2.4573	1.2315	0.15490
0.60900	1	0.05285	0.00003	-0.66188	-0.60900	-2.4572	1.2315	0.15480
0.60900	2	0.05622	0.00003	-0.66525	-0.60900	-2.4573	1.2315	0.15500
0.60900	3	0.05356	0.00008	-0.66263	-0.60900	-2.4573	1.2315	0.15480
0.60920	0	0.05493	0.00013	-0.66426	-0.60920	-2.4570	1.2304	0.15490
0.60920	1	0.05612	-0.00001	-0.66531	-0.60920	-2.4570	1.2304	0.15490
0.60920	2	0.05563	-0.00003	-0.66481	-0.60920	-2.4570	1.2304	0.15490
0.60920	3	0.05498	-0.00012	-0.66407	-0.60920	-2.4570	1.2304	0.15480
0.60940	0	0.05291	-0.00034	-0.66196	-0.60940	-2.4567	1.2294	0.15480
0.60940	1	0.05343	-0.00002	-0.66281	-0.60940	-2.4567	1.2294	0.15490
0.60940	2	0.05297	0.00010	-0.66248	-0.60940	-2.4567	1.2294	0.15490
0.60940	3	0.05607	-0.00018	-0.66529	-0.60940	-2.4567	1.2294	0.15500
0.60960	0	0.05283	0.00010	-0.66253	-0.60960	-2.4565	1.2284	0.15480
0.60960	1	0.05217	-0.00019	-0.66158	-0.60960	-2.4565	1.2283	0.15480
0.60960	2	0.05205	-0.00002	-0.66162	-0.60960	-2.4565	1.2284	0.15490
0.60960	3	0.05255	0.00009	-0.66224	-0.60960	-2.4565	1.2284	0.15480
0.60980	0	0.05254	-0.00024	-0.66210	-0.60980	-2.4562	1.2272	0.15480
0.60980	1	0.05171	-0.00018	-0.66133	-0.60980	-2.4562	1.2273	0.15490
0.60980	2	0.05099	-0.00016	-0.66063	-0.60980	-2.4562	1.2273	0.15480
0.60980	3	0.05315	-0.00002	-0.66293	-0.60980	-2.4562	1.2273	0.15480
0.61000	0	0.04067	-0.00011	-0.65056	-0.61000	-2.4559	1.2262	0.15470
0.61000	1	0.04455	0.00003	-0.65458	-0.61000	-2.4560	1.2263	0.15480
0.61000	2	0.04442	0.00000	-0.65442	-0.61000	-2.4559	1.2263	0.15480
0.61000	3	0.04640	0.00010	-0.65650	-0.61000	-2.4559	1.2263	0.15480
0.61020	0	0.05509	-0.00002	-0.66527	-0.61020	-2.4557	1.2253	0.15490
0.61020	1	0.05243	0.00007	-0.66271	-0.61020	-2.4557	1.2253	0.15490
0.61020	2	0.05500	0.00012	-0.66533	-0.61020	-2.4557	1.2253	0.15490
0.61020	3	0.05600	-0.00008	-0.66612	-0.61020	-2.4557	1.2252	0.15490
0.61040	0	0.05621	-0.00007	-0.66655	-0.61040	-2.4554	1.2243	0.15500
0.61040	1	0.05186	-0.00022	-0.66203	-0.61040	-2.4554	1.2243	0.15490
0.61040	2	0.05606	-0.00006	-0.66640	-0.61040	-2.4554	1.2243	0.15500
0.61040	3	0.05401	-0.00001	-0.66440	-0.61040	-2.4554	1.2242	0.15500
0.61060	0	0.05610	0.00012	-0.66681	-0.61060	-2.4552	1.2233	0.15500
0.61060	1	0.05570	0.00008	-0.66637	-0.61060	-2.4551	1.2233	0.15500
0.61060	2	0.05798	-0.00019	-0.66839	-0.61060	-2.4551	1.2233	0.15500
0.61060	3	0.05452	0.00003	-0.66515	-0.61060	-2.4552	1.2232	0.15490
0.61080	0	0.05514	0.00004	-0.66599	-0.61080	-2.4549	1.2222	0.15490
0.61080	1	0.05524	-0.00002	-0.66602	-0.61080	-2.4549	1.2222	0.15500
0.61080	2	0.05630	0.00015	-0.66724	-0.61080	-2.4549	1.2222	0.15500
0.61080	3	0.05601	0.00009	-0.66691	-0.61080	-2.4548	1.2222	0.15500
0.61100	0	0.05508	0.00003	-0.66611	-0.61100	-2.4546	1.2212	0.15500
0.61100	1	0.05621	-0.00056	-0.66665	-0.61100	-2.4546	1.2212	0.15500
0.61100	2	0.05333	0.00007	-0.66440	-0.61100	-2.4546	1.2212	0.15500
0.61100	3	0.05527	0.00015	-0.66642	-0.61100	-2.4546	1.2212	0.15500
0.61120	0	0.05188	0.00001	-0.66309	-0.61120	-2.4544	1.2202	0.15500
0.61120	1	0.05303	0.00009	-0.66432	-0.61120	-2.4544	1.2202	0.15510
0.61120	2	0.05383	0.00009	-0.66512	-0.61120	-2.4544	1.2202	0.15510
0.61120	3	0.05136	0.00001	-0.66257	-0.61120	-2.4544	1.2202	0.15500
0.61140	0	0.05193	-0.00038	-0.66295	-0.61140	-2.4541	1.2192	0.15500
0.61140	1	0.05489	-0.00004	-0.66625	-0.61140	-2.4541	1.2192	0.15510
0.61140	2	0.05136	-0.00013	-0.66263	-0.61140	-2.4541	1.2192	0.15500
0.61140	3	0.05466	-0.00011	-0.66594	-0.61140	-2.4541	1.2192	0.15510
0.61160	0	0.05323	-0.00000	-0.66483	-0.61160	-2.4538	1.2181	0.15510
0.61160	1	0.05304	0.00009	-0.66473	-0.61160	-2.4538	1.2181	0.15510
0.61160	2	0.04993	0.00010	-0.66163	-0.61160	-2.4538	1.2181	0.15500
0.61160	3	0.05315	0.00006	-0.66481	-0.61160	-2.4538	1.2181	0.15510
0.61180	0	0.05147	-0.00004	-0.66322	-0.61180	-2.4536	1.2171	0.15510
0.61180	1	0.05191	0.00003	-0.66374	-0.61180	-2.4536	1.2171	0.15510
0.61180	2	0.04861	0.00019	-0.66060	-0.61180	-2.4536	1.2171	0.15510
0.61180	3	0.05169	-0.00014	-0.66336	-0.61180	-2.4535	1.2171	0.15510
0.61200	0	0.05311	0.00005	-0.66515	-0.61200	-2.4533	1.2161	0.15510
0.61200	1	0.04908	0.00009	-0.66117	-0.61200	-2.4533	1.2161	0.15510
0.61200	2	0.04969	0.00012	-0.66181	-0.61200	-2.4533	1.2161	0.15510
0.61200	3	0.05049	-0.00009	-0.66240	-0.61200	-2.4533	1.2161	0.15510
0.61220	0	0.05338	-0.00001	-0.66557	-0.61220	-2.4530	1.2151	0.15520
0.61220	1	0.04994	-0.00004	-0.66210	-0.61220	-2.4530	1.2151	0.15520
0.61220	2	0.05229	0.00009	-0.66458	-0.61220	-2.4530	1.2151	0.15520
0.61220	3	0.04934	0.00021	-0.66175	-0.61220	-2.4530	1.2151	0.15510
0.61240	0	0.05410	0.00005	-0.66655	-0.61240	-2.4528	1.2141	0.15520
0.61240	1	0.05114	0.00006	-0.66360	-0.61240	-2.4528	1.2140	0.15520
0.61240	2	0.05194	0.00005	-0.66439	-0.61240	-2.4527	1.2141	0.15530
0.61240	3	0.05334	0.00005	-0.66579	-0.61240	-2.4528	1.2141	0.15520
0.61260	0	0.05300	0.00031	-0.66590	-0.61260	-2.4525	1.2130	0.15520
0.61260	1	0.04999	-0.00064	-0.66195	-0.61260	-2.4525	1.2131	0.15530
0.61260	2	0.04924	-0.00011	-0.66173	-0.61260	-2.4525	1.2130	0.15530
0.61260	3	0.05121	0.00032	-0.66413	-0.61260	-2.4525	1.2130	0.15520
0.61280	0	0.04981	-0.00011	-0.66250	-0.61280	-2.4522	1.2120	0.15520
0.61280	1	0.04970	-0.00032	-0.66218	-0.61280	-2.4522	1.2120	0.15520
0.61280	2	0.04592	-0.00009	-0.65863	-0.61280	-2.4522	1.2120	0.15510
0.61280	3	0.04760	0.00003	-0.66043	-0.61280	-2.4522	1.2120	0.15520
0.61300	0	0.05038	0.00007	-0.66345	-0.61300	-2.4520	1.2110	0.15520
0.61300	1	0.05079	-0.00001	-0.66378	-0.61300	-2.4520	1.2110	0.15510
0.61300	2	0.04956	0.00050	-0.66306	-0.61300	-2.4520	1.2110	0.15520
0.61300	3	0.04631	-0.00037	-0.65894	-0.61300	-2.4520	1.2110	0.15510
0.61320	0	0.04697	-0.00025	-0.65993	-0.61320	-2.4517	1.2100	0.15520
0.61320	1	0.04491	-0.00001	-0.65810	-0.61320	-2.4517	1.2100	0.15520
0.61320	2	0.04630	-0.00004	-0.65946	-0.61320	-2.4517	1.2100	0.15520
0.61320	3	0.04534	-0.00001	-0.65853	-0.61320	-2.4517	1.2100	0.15510
0.61340	0	0.04251	-0.00003	-0.65588	-0.61340	-2.4515	1.2090	0.15510
0.61340	1	0.04083	0.00002	-0.65425	-0.61340	-2.4514	1.2090	0.15510
0.61340	2	0.03967	-0.00022	-0.65285	-0.61340	-2.4515	1.2090	0.15510
0.61340	3	0.03731	-0.00003	-0.65068	-0.61340	-2.4515	1.2090	0.15510
0.61360	0	-0.00287	-0.01577	-0.59496	-0.61360	-2.4512	1.2080	0.15490
0.61360	1	-0.00141	-0.01318	-0.59900	-0.61360	-2.4512	1.2080	0.15490
0.61360	2	-0.00359	-0.01571	-0.59431	-0.61360	-2.4512	1.2080	0.15490
0.61360	3	-0.00315	-0.01524	-0.59522	-0.61360	-2.4512	1.2080	0.15480
0.61380	0	0.00032	-0.01815	-0.59596	-0.61380	-2.4508	1.2070	0.15490
0.61380	1	-0.00000	-0.01822	-0.59558	-0.61380	-2.4508	1.2070	0.15490
0.61380	2	0.00008	-0.01854	-0.59535	-0.61380	-2.4508	1.2070	0.15490
0.61380	3	0.00007	-0.01794	-0.59593	-0.61380	-2.4508	1.2070	0.15490
0.61400	0	-0.00008	-0.01409	-0.59984	-0.61400	-2.4497	1.2059	0.15490
0.61400	1	-0.00026	-0.01397	-0.59977	-0.61400	-2.4497	1.2059	0.15490
0.61400	2	-0.00005	-0.01466	-0.59929	-0.61400	-2.4497	1.2059	0.15490
0.61400	3	-0.00002	-0.01445	-0.59953	-0.61400	-2.4497	1.2059	0.15490
0.61420	0	0.04037	-0.00000	-0.65457	-0.61420	-2.4504	1.2049	0.15520
0.61420	1	0.04374	-0.00007	-0.65787	-0.61420	-2.4504	1.2049	0.15520
0.61420	2	0.03778	-0.00012	-0.65186	-0.61420	-2.4504	1.2049	0.15520
0.61420	3	0.04102	-0.00000	-0.65522	-0.61420	-2.4503	1.2049	0.15520
0.61440	0	0.05431	0.00019	-0.66891	-0.61440	-2.4501	1.2038	0.15530
0.61440	1	0.05283	0.00004	-0.66727	-0.61440	-2.4501	1.2039	0.15530
0.61440	2	0.05128	-0.00013	-0.66555	-0.61440	-2.4501	1.2039	0.15520
0.61440	3	0.05112	0.00011	-0.66563	-0.61440	-2.4501	1.2039	0.15520
0.61460	0	0.05181	0.00042	-0.66683	-0.61460	-2.4499	1.2029	0.15530
0.61460	1	0.05027	0.00007	-0.66494	-0.61460	-2.4499	1.2029	0.15530
0.61460	2	0.05344	0.00001	-0.66805	-0.61460	-2.4499	1.2029	0.15530
0.61460	3	0.05192	0.00004	-0.66657	-0.61460	-2.4499	1.2029	0.15530
0.61480	0	0.05155	0.00026	-0.66661	-0.61480	-2.4496	1.2019	0.15530
0.61480	1	0.05294	-0.00010	-0.66764	-0.61480	-2.4496	1.2019	0.15530
0.61480	2	0.05436	-0.00009	-0.66907	-0.61480	-2.4496	1.2019	0.15530
0.61480	3	0.05470	0.00005	-0.66955	-0.61480	-2.4496	1.2019	0.15530
0.61500	0	0.05325	0.00011	-0.66836	-0.61500	-2.4493	1.2009	0.15530
0.61500	1	0.05303	-0.00023	-0.66779	-0.61500	-2.4494	1.2009	0.15540
0.61500	2	0.05290	0.00010	-0.66799	-0.61500	-2.4493	1.2009	0.15540
0.61500	3	0.05362	-0.00026	-0.66836	-0.61500	-2.4493	1.2009	0.15530
0.61520	0	0.05250	0.00004	-0.66773	-0.61520	-2.4491	1.1999	0.15550
0.61520	1	0.05363	-0.00008	-0.66875	-0.61520	-2.4491	1.1999	0.15540
0.61520	2	0.05355	-0.00004	-0.66871	-0.61520	-2.4491	1.1999	0.15540
0.61520	3	0.05416	-0.00012	-0.66925	-0.61520	-2.4491	1.1999	0.15540
0.61540	0	0.05250	0.00018	-0.66808	-0.61540	-2.4488	1.1989	0.15530
0.61540	1	0.05326	0.00021	-0.66887	-0.61540	-2.4488	1.1989	0.15540
0.61540	2	0.05397	-0.00013	-0.66924	-0.61540	-2.4488	1.1989	0.15540
0.61540	3	0.05353	0.00014	-0.66907	-0.61540	-2.4488	1.1988	0.15530
0.61560	0	0.05508	-0.00007	-0.67061	-0.61560	-2.4486	1.1979	0.15540
0.61560	1	0.05333	-0.00001	-0.66892	-0.61560	-2.4485	1.1979	0.15540
0.61560	2	0.05291	-0.00005	-0.66845	-0.61560	-2.4485	1.1979	0.15530
0.61560	3	0.05252	0.00001	-0.66813	-0.61560	-2.4485	1.1978	0.15530
0.61580	0	0.05322	-0.00005	-0.66897	-0.61580	-2.4483	1.1968	0.15530
0.61580	1	0.05333	-0.00006	-0.66907	-0.61580	-2.4483	1.1968	0.15540
0.61580	2	0.05248	0.00010	-0.66837	-0.61580	-2.4483	1.1968	0.15540
0.61580	3	0.05358	0.00007	-0.66945	-0.61580	-2.4483	1.1968	0.15540
0.61600	0	0.05117	0.00004	-0.66721	-0.61600	-2.4480	1.1958	0.15540
0.61600	1	0.05076	0.00004	-0.66680	-0.61600	-2.4480	1.1959	0.15530
0.61600	2	0.04922	-0.00002	-0.66521	-0.61600	-2.4480	1.1958	0.15530
0.61600	3	0.05181	0.00001	-0.66782	-0.61600	-2.4480	1.1958	0.15530
0.61620	0	0.05412	-0.00007	-0.67025	-0.61620	-2.4478	1.1948	0.15530
0.61620	1	0.05489	-0.00000	-0.67109	-0.61620	-2.4478	1.1948	0.15540
0.61620	2	0.05462	-0.00001	-0.67081	-0.61620	-2.4478	1.1947	0.15530
0.61620	3	0.05305	-0.00018	-0.66908	-0.61620	-2.4477	1.1948	0.15540
0.61640	0	0.05065	0.00001	-0.66706	-0.61640	-2.4475	1.1938	0.15530
0.61640	1	0.05370	-0.00004	-0.67006	-0.61640	-2.4475	1.1938	0.15550
0.61640	2	0.05091	0.00036	-0.66767	-0.61640	-2.4475	1.1938	0.15540
0.61640	3	0.05438	0.00019	-0.67097	-0.61640	-2.4475	1.1938	0.15540
0.61660	0	0.05221	-0.00012	-0.66869	-0.61660	-2.4472	1.1928	0.15540
0.61660	1	0.05225	0.00006	-0.66892	-0.61660	-2.4472	1.1928	0.15540
0.61660	2	0.05463	-0.00006	-0.67117	-0.61660	-2.4472	1.1927	0.15540
0.61660	3	0.05430	-0.00002	-0.67088	-0.61660	-2.4472	1.1928	0.15540
0.61680	0	0.05440	0.00003	-0.67123	-0.61680	-2.4470	1.1918	0.15550
0.61680	1	0.05216	0.00016	-0.66913	-0.61680	-2.4469	1.1918	0.15540
0.61680	2	0.05213	-0.00006	-0.66887	-0.61680	-2.4470	1.1918	0.15540
0.61680	3	0.05380	0.00004	-0.67063	-0.61680	-2.4470	1.1918	0.15540
0.61700	0	0.05307	0.00022	-0.67030	-0.61700	-2.4467	1.1908	0.15540
0.61700	1	0.05452	0.00006	-0.67158	-0.61700	-2.4467	1.1908	0.15540
0.61700	2	0.05379	-0.00020	-0.67059	-0.61700	-2.4467	1.1908	0.15540
0.61700	3	0.05344	0.00008	-0.67052	-0.61700	-2.4467	1.1908	0.15540
0.61720	0	0.04995	0.00022	-0.66736	-0.61720	-2.4465	1.1898	0.15550
0.61720	1	0.05160	0.00048	-0.66928	-0.61720	-2.4465	1.1898	0.15550
0.61720	2	0.05090	-0.00013	-0.66798	-0.61720	-2.4465	1.1898	0.15540
0.61720	3	0.05299	0.00014	-0.67033	-0.61720	-2.4465	1.1898	0.15550
0.61740	0	0.05176	-0.00001	-0.66914	-0.61740	-2.4462	1.1888	0.15540
0.61740	1	0.05348	-0.00001	-0.67087	-0.61740	-2.4462	1.1888	0.15550
0.61740	2	0.05294	-0.00009	-0.67025	-0.61740	-2.4462	1.1888	0.15550
0.61740	3	0.05317	0.00004	-0.67061	-0.61740	-2.4461	1.1888	0.15550
0.61760	0	0.05102	-0.00005	-0.66858	-0.61760	-2.4459	1.1878	0.15550
0.61760	1	0.05156	0.00014	-0.66929	-0.61760	-2.4459	1.1878	0.15550
0.61760	2	0.05280	-0.00013	-0.67027	-0.61760	-2.4459	1.1878	0.15550
0.61760	3	0.05134	-0.00002	-0.66893	-0.61760	-2.4459	1.1878	0.15550
0.61780	0	0.04750	0.00005	-0.66535	-0.61780	-2.4457	1.1868	0.15550
0.61780	1	0.04916	0.00013	-0.66709	-0.61780	-2.4457	1.1868	0.15560
0.61780	2	0.04873	-0.00001	-0.66651	-0.61780	-2.4457	1.1868	0.15560
0.61780	3	0.04914	0.00008	-0.66702	-0.61780	-2.4457	1.1868	0.15550
0.61800	0	0.04773	-0.00034	-0.66539	-0.61800	-2.4454	1.1858	0.15550
0.61800	1	0.04856	-0.00009	-0.66647	-0.61800	-2.4454	1.1858	0.15560
0.61800	2	0.04667	0.00025	-0.66492	-0.61800	-2.4454	1.1858	0.15550
0.61800	3	0.05079	-0.00003	-0.66876	-0.61800	-2.4454	1.1858	0.15550
0.61820	0	0.00060	-0.00294	-0.61587	-0.61820	-2.4441	1.1848	0.15550
0.61820	1	0.01579	-0.00226	-0.63173	-0.61820	-2.4447	1.1848	0.15550
0.61820	2	0.01051	-0.00186	-0.62686	-0.61820	-2.4451	1.1848	0.15560
0.61820	3	0.00430	-0.00214	-0.62036	-0.61820	-2.4451	1.1848	0.15550
0.61840	0	0.05222	0.00008	-0.67071	-0.61840	-2.4449	1.1838	0.15560
0.61840	1	0.05072	0.00001	-0.66913	-0.61840	-2.4449	1.1838	0.15570
0.61840	2	0.05131	-0.00010	-0.66961	-0.61840	-2.4449	1.1838	0.15560
0.61840	3	0.05305	-0.00014	-0.67131	-0.61840	-2.4449	1.1838	0.15550
0.61860	0	0.05285	0.00002	-0.67147	-0.61860	-2.4446	1.1828	0.15560
0.61860	1	0.05293	0.00022	-0.67175	-0.61860	-2.4446	1.1828	0.15560
0.61860	2	0.05336	0.00021	-0.67217	-0.61860	-2.4446	1.1828	0.15560
0.61860	3	0.05335	-0.00001	-0.67195	-0.61860	-2.4446	1.1828	0.15550
0.61880	0	0.05302	-0.00012	-0.67170	-0.61880	-2.4443	1.1818	0.15550
0.61880	1	0.05143	-0.00006	-0.67017	-0.61880	-2.4443	1.1818	0.15560
0.61880	2	0.05234	0.00021	-0.67135	-0.61880	-2.4443	1.1818	0.15550
0.61880	3	0.05351	0.00008	-0.67239	-0.61880	-2.4443	1.1817	0.15550
0.61900	0	0.05331	0.00008	-0.67239	-0.61900	-2.4441	1.1808	0.15550
0.61900	1	0.05217	0.00018	-0.67135	-0.61900	-2.4441	1.1808	0.15550
0.61900	2	0.05410	-0.00001	-0.67309	-0.61900	-2.4441	1.1808	0.15560
0.61900	3	0.05362	-0.00001	-0.67261	-0.61900	-2.4441	1.1808	0.15550
0.61920	0	0.05242	0.00014	-0.67176	-0.61920	-2.4438	1.1798	0.15560
0.61920	1	0.04971	0.00011	-0.66903	-0.61920	-2.4438	1.1798	0.15560
0.61920	2	0.05323	0.00022	-0.67264	-0.61920	-2.4438	1.1798	0.15560
0.61920	3	0.05297	0.00015	-0.67232	-0.61920	-2.4438	1.1798	0.15560
0.61940	0	0.05173	-0.00007	-0.67106	-0.61940	-2.4436	1.1788	0.15560
0.61940	1	0.05153	0.00020	-0.67113	-0.61940	-2.4436	1.1788	0.15560
0.61940	2	0.05254	0.00012	-0.67205	-0.61940	-2.4436	1.1788	0.15560
0.61940	3	0.05452	0.00005	-0.67397	-0.61940	-2.4436	1.1788	0.15560
0.61960	0	0.05127	0.00015	-0.67102	-0.61960	-2.4433	1.1778	0.15560
0.61960	1	0.04983	0.00008	-0.66951	-0.61960	-2.4433	1.1778	0.15560
0.61960	2	0.05118	0.00011	-0.67089	-0.61960	-2.4433	1.1778	0.15560
0.61960	3	0.04976	-0.00003	-0.66933	-0.61960	-2.4433	1.1778	0.15560
0.61980	0	0.04647	0.00013	-0.66640	-0.61980	-2.4430	1.1768	0.15570
0.61980	1	0.04287	-0.00009	-0.66258	-0.61980	-2.4430	1.1768	0.15570
0.61980	2	0.04693	0.00017	-0.66690	-0.61980	-2.4430	1.1768	0.15570
0.61980	3	0.04837	0.00029	-0.66846	-0.61980	-2.4430	1.1768	0.15570
0.62000	0	0.04996	0.00014	-0.67010	-0.62000	-2.4428	1.1758	0.15560
0.62000	1	0.05047	0.00024	-0.67071	-0.62000	-2.4428	1.1758	0.15570
0.62000	2	0.05138	0.00008	-0.67147	-0.62000	-2.4428	1.1758	0.15560
0.62000	3	0.05342	-0.00002	-0.67340	-0.62000	-2.4428	1.1758	0.15560
0.62020	0	0.05224	0.00040	-0.67285	-0.62020	-2.4425	1.1748	0.15560
0.62020	1	0.05213	0.00012	-0.67245	-0.62020	-2.4425	1.1748	0.15570
0.62020	2	0.05162	-0.00002	-0.67180	-0.62020	-2.4425	1.1749	0.15560
0.62020	3	0.05199	-0.00015	-0.67205	-0.62020	-2.4425	1.1749	0.15560
0.62040	0	0.05152	0.00006	-0.67198	-0.62040	-2.4423	1.1738	0.15570
0.62040	1	0.05002	0.00000	-0.67042	-0.62040	-2.4423	1.1739	0.15570
0.62040	2	0.05043	0.00008	-0.67091	-0.62040	-2.4423	1.1739	0.15570
0.62040	3	0.05087	0.00045	-0.67172	-0.62040	-2.4423	1.1739	0.15570
0.62060	0	0.05136	0.00014	-0.67210	-0.62060	-2.4420	1.1729	0.15560
0.62060	1	0.05083	0.00015	-0.67157	-0.62060	-2.4420	1.1729	0.15570
0.62060	2	0.05108	0.00020	-0.67188	-0.62060	-2.4420	1.1729	0.15570
0.62060	3	0.05219	0.00012	-0.67290	-0.62060	-2.4420	1.1728	0.15560
0.62080	0	0.05093	0.00041	-0.67215	-0.62080	-2.4417	1.1719	0.15570
0.62080	1	0.05096	0.00070	-0.67246	-0.62080	-2.4417	1.1719	0.15560
0.62080	2	0.05252	-0.00002	-0.67330	-0.62080	-2.4417	1.1719	0.15560
0.62080	3	0.05070	0.00002	-0.67152	-0.62080	-2.4417	1.1718	0.15570
0.62100	0	0.04991	-0.00001	-0.67090	-0.62100	-2.4415	1.1709	0.15560
0.62100	1	0.05099	0.00005	-0.67204	-0.62100	-2.4415	1.1709	0.15560
0.62100	2	0.05074	0.00004	-0.67179	-0.62100	-2.4415	1.1709	0.15560
0.62100	3	0.05041	-0.00004	-0.67137	-0.62100	-2.4415	1.1709	0.15560
0.62120	0	0.04947	0.00014	-0.67080	-0.62120	-2.4412	1.1699	0.15550
0.62120	1	0.04788	0.00036	-0.66944	-0.62120	-2.4411	1.1699	0.15560
0.62120	2	0.05147	-0.00002	-0.67265	-0.62120	-2.4412	1.1699	0.15550
0.62120	3	0.04889	0.00023	-0.67033	-0.62120	-2.4412	1.1699	0.15560
0.62140	0	0.04659	0.00062	-0.66860	-0.62140	-2.4410	1.1689	0.15560
0.62140	1	0.04713	0.00009	-0.66863	-0.62140	-2.4410	1.1689	0.15560
0.62140	2	0.04883	-0.00009	-0.67014	-0.62140	-2.4409	1.1689	0.15550
0.62140	3	0.04907	0.00016	-0.67062	-0.62140	-2.4410	1.1689	0.15550
0.62160	0	0.04948	-0.00009	-0.67099	-0.62160	-2.4407	1.1679	0.15550
0.62160	1	0.04842	0.00009	-0.67011	-0.62160	-2.4407	1.1679	0.15550
0.62160	2	0.05009	0.00005	-0.67174	-0.62160	-2.4407	1.1679	0.15550
0.62160	3	0.04759	0.00001	-0.66920	-0.62160	-2.4407	1.1679	0.15550
0.62180	0	0.04958	-0.00014	-0.67125	-0.62180	-2.4404	1.1668	0.15550
0.62180	1	0.04847	-0.00006	-0.67021	-0.62180	-2.4404	1.1669	0.15550
0.62180	2	0.04831	0.00006	-0.67017	-0.62180	-2.4404	1.1669	0.15550
0.62180	3	0.04915	-0.00005	-0.67091	-0.62180	-2.4404	1.1669	0.15550
0.62200	0	0.04788	0.00007	-0.66995	-0.62200	-2.4402	1.1659	0.15550
0.62200	1	0.04821	0.00025	-0.67046	-0.62200	-2.4402	1.1659	0.15550
0.62200	2	0.04736	-0.00001	-0.66935	-0.62200	-2.4402	1.1659	0.15550
0.62200	3	0.04813	-0.00005	-0.67008	-0.62200	-2.4402	1.1659	0.15550
0.62220	0	0.04505	0.00008	-0.66733	-0.62220	-2.4399	1.1650	0.15550
0.62220	1	0.04485	-0.00003	-0.66702	-0.62220	-2.4399	1.1650	0.15550
0.62220	2	0.04413	-0.00001	-0.66633	-0.62220	-2.4399	1.1650	0.15550
0.62220	3	0.04754	0.00024	-0.66998	-0.62220	-2.4399	1.1649	0.15550
0.62240	0	0.04689	0.00006	-0.66934	-0.62240	-2.4396	1.1640	0.15550
0.62240	1	0.04505	0.00003	-0.66748	-0.62240	-2.4396	1.1640	0.15550
0.62240	2	0.04493	0.00008	-0.66741	-0.62240	-2.4396	1.1640	0.15550
0.62240	3	0.04415	0.00004	-0.66659	-0.62240	-2.4396	1.1639	0.15550
0.62260	0	0.01087	0.00064	-0.63412	-0.62260	-2.4393	1.1630	0.15580
0.62260	1	0.00682	0.00063	-0.63005	-0.62260	-2.4386	1.1630	0.15590
0.62260	2	0.01054	0.00001	-0.63314	-0.62260	-2.4394	1.1630	0.15580
0.62260	3	0.01007	-0.00019	-0.63248	-0.62260	-2.4393	1.1630	0.15580
0.62280	0	0.04759	0.00005	-0.67043	-0.62280	-2.4391	1.1620	0.15540
0.62280	1	0.04646	-0.00017	-0.66910	-0.62280	-2.4390	1.1620	0.15550
0.62280	2	0.04697	0.00008	-0.66985	-0.62280	-2.4391	1.1620	0.15550
0.62280	3	0.04642	0.00007	-0.66929	-0.62280	-2.4391	1.1620	0.15550
0.62300	0	0.04704	0.00014	-0.67018	-0.62300	-2.4389	1.1610	0.15540
0.62300	1	0.04554	0.00002	-0.66856	-0.62300	-2.4389	1.1610	0.15550
0.62300	2	0.04545	-0.00005	-0.66841	-0.62300	-2.4389	1.1610	0.15540
0.62300	3	0.04563	-0.00006	-0.66857	-0.62300	-2.4389	1.1610	0.15540
0.62320	0	0.04556	-0.00004	-0.66872	-0.62320	-2.4386	1.1600	0.15540
0.62320	1	0.04675	-0.00008	-0.66987	-0.62320	-2.4386	1.1600	0.15540
0.62320	2	0.04670	0.00011	-0.67002	-0.62320	-2.4386	1.1600	0.15540
0.62320	3	0.04744	0.00015	-0.67079	-0.62320	-2.4386	1.1600	0.15540
0.62340	0	0.04731	-0.00009	-0.67063	-0.62340	-2.4384	1.1590	0.15540
0.62340	1	0.04601	0.00003	-0.66944	-0.62340	-2.4383	1.1590	0.15540
0.62340	2	0.04778	0.00006	-0.67124	-0.62340	-2.4383	1.1590	0.15540
0.62340	3	0.04717	-0.00001	-0.67056	-0.62340	-2.4383	1.1590	0.15540
0.62360	0	0.04346	-0.00018	-0.66688	-0.62360	-2.4381	1.1581	0.15540
0.62360	1	0.04468	0.00011	-0.66839	-0.62360	-2.4381	1.1581	0.15540
0.62360	2	0.04332	-0.00001	-0.66690	-0.62360	-2.4381	1.1581	0.15540
0.62360	3	0.04467	-0.00002	-0.66825	-0.62360	-2.4381	1.1581	0.15540
0.62380	0	0.04203	-0.00008	-0.66575	-0.62380	-2.4378	1.1571	0.15540
0.62380	1	0.04463	-0.00018	-0.66826	-0.62380	-2.4378	1.1571	0.15540
0.62380	2	0.04424	-0.00010	-0.66795	-0.62380	-2.4378	1.1571	0.15540
0.62380	3	0.04578	0.00009	-0.66967	-0.62380	-2.4378	1.1571	0.15540
0.62400	0	0.04339	0.00000	-0.66740	-0.62400	-2.4376	1.1561	0.15540
0.62400	1	0.04448	0.00020	-0.66868	-0.62400	-2.4376	1.1561	0.15540
0.62400	2	0.04475	0.00012	-0.66888	-0.62400	-2.4376	1.1561	0.15540
0.62400	3	0.04427	0.00016	-0.66842	-0.62400	-2.4376	1.1561	0.15540
0.62420	0	0.04351	-0.00005	-0.66766	-0.62420	-2.4373	1.1551	0.15540
0.62420	1	0.04339	-0.00010	-0.66749	-0.62420	-2.4373	1.1551	0.15540
0.62420	2	0.04183	-0.00015	-0.66588	-0.62420	-2.4373	1.1551	0.15540
0.62420	3	0.04389	-0.00009	-0.66800	-0.62420	-2.4373	1.1551	0.15540
0.62440	0	0.03574	-0.00015	-0.66000	-0.62440	-2.4370	1.1541	0.15550
0.62440	1	0.03930	-0.00017	-0.66352	-0.62440	-2.4370	1.1541	0.15550
0.62440	2	0.03832	0.00014	-0.66286	-0.62440	-2.4370	1.1541	0.15550
0.62440	3	0.03411	-0.00037	-0.65815	-0.62440	-2.4370	1.1541	0.15550
0.62460	0	0.04154	-0.00001	-0.66613	-0.62460	-2.4368	1.1532	0.15540
0.62460	1	0.03958	-0.00036	-0.66382	-0.62460	-2.4368	1.1532	0.15550
0.62460	2	0.04222	-0.00010	-0.66672	-0.62460	-2.4368	1.1532	0.15540
0.62460	3	0.04232	0.00012	-0.66704	-0.62460	-2.4368	1.1532	0.15540
0.62480	0	0.04137	-0.00005	-0.66612	-0.62480	-2.4365	1.1522	0.15540
0.62480	1	0.04315	-0.00001	-0.66794	-0.62480	-2.4365	1.1522	0.15540
0.62480	2	0.04052	0.00004	-0.66536	-0.62480	-2.4365	1.1522	0.15540
0.62480	3	0.04174	0.00019	-0.66673	-0.62480	-2.4365	1.1522	0.15540
0.62500	0	0.03810	0.00004	-0.66314	-0.62500	-2.4363	1.1512	0.15550
0.62500	1	0.03618	0.00026	-0.66144	-0.62500	-2.4363	1.1512	0.15550
0.62500	2	0.03450	-0.00013	-0.65937	-0.62500	-2.4362	1.1512	0.15550
0.62500	3	0.03647	0.00010	-0.66157	-0.62500	-2.4363	1.1512	0.15550
0.62520	0	0.01273	-0.00012	-0.63781	-0.62520	-2.4359	1.1502	0.15570
0.62520	1	0.01226	-0.00034	-0.63712	-0.62520	-2.4359	1.1502	0.15570
0.62520	2	0.01164	-0.00047	-0.63637	-0.62520	-2.4359	1.1502	0.15570
0.62520	3	0.01140	0.00008	-0.63668	-0.62520	-2.4359	1.1502	0.15570
0.62540	0	0.00871	-0.00532	-0.62879	-0.62540	-2.4357	1.1492	0.15560
0.62540	1	0.00070	-0.00660	-0.61951	-0.62540	-2.4352	1.1492	0.15570
0.62540	2	0.00144	-0.00616	-0.62068	-0.62540	-2.4349	1.1492	0.15570
0.62540	3	0.00027	-0.00664	-0.61903	-0.62540	-2.4340	1.1492	0.15570
0.62560	0	0.03802	-0.00016	-0.66347	-0.62560	-2.4355	1.1483	0.15540
0.62560	1	0.04085	-0.00013	-0.66632	-0.62560	-2.4355	1.1483	0.15540
0.62560	2	0.04343	-0.00004	-0.66899	-0.62560	-2.4355	1.1483	0.15540
0.62560	3	0.04093	-0.00013	-0.66640	-0.62560	-2.4355	1.1483	0.15540
0.62580	0	0.04228	0.00001	-0.66809	-0.62580	-2.4352	1.1473	0.15540
0.62580	1	0.04270	-0.00023	-0.66827	-0.62580	-2.4352	1.1473	0.15540
0.62580	2	0.04347	-0.00004	-0.66923	-0.62580	-2.4352	1.1472	0.15540
0.62580	3	0.04317	-0.00007	-0.66890	-0.62580	-2.4352	1.1473	0.15530
0.62600	0	0.04178	0.00001	-0.66779	-0.62600	-2.4350	1.1462	0.15540
0.62600	1	0.04295	-0.00006	-0.66889	-0.62600	-2.4350	1.1463	0.15540
0.62600	2	0.04362	-0.00009	-0.66953	-0.62600	-2.4350	1.1463	0.15540
0.62600	3	0.04106	-0.00009	-0.66697	-0.62600	-2.4349	1.1463	0.15530
0.62620	0	0.04048	0.00018	-0.66686	-0.62620	-2.4347	1.1454	0.15540
0.62620	1	0.04413	0.00001	-0.67033	-0.62620	-2.4347	1.1453	0.15540
0.62620	2	0.04040	0.00004	-0.66663	-0.62620	-2.4347	1.1454	0.15540
0.62620	3	0.04261	-0.00011	-0.66870	-0.62620	-2.4347	1.1453	0.15530
0.62640	0	0.03887	-0.00030	-0.66496	-0.62640	-2.4345	1.1444	0.15540
0.62640	1	0.04243	0.00006	-0.66889	-0.62640	-2.4345	1.1443	0.15540
0.62640	2	0.03884	0.00022	-0.66545	-0.62640	-2.4344	1.1444	0.15540
0.62640	3	0.04094	-0.00033	-0.66701	-0.62640	-2.4344	1.1444	0.15530
0.62660	0	0.04486	-0.00014	-0.67132	-0.62660	-2.4341	1.1434	0.15530
0.62660	1	0.04175	0.00014	-0.66850	-0.62660	-2.4342	1.1434	0.15530
0.62660	2	0.04384	-0.00000	-0.67043	-0.62660	-2.4342	1.1433	0.15530
0.62660	3	0.04367	0.00006	-0.67033	-0.62660	-2.4342	1.1434	0.15530
0.62680	0	0.04114	-0.00038	-0.66757	-0.62680	-2.4339	1.1424	0.15530
0.62680	1	0.04259	-0.00030	-0.66909	-0.62680	-2.4339	1.1424	0.15530
0.62680	2	0.04294	0.00021	-0.66995	-0.62680	-2.4339	1.1424	0.15530
0.62680	3	0.04339	0.00009	-0.67027	-0.62680	-2.4339	1.1424	0.15530
0.62700	0	0.04212	0.00007	-0.66919	-0.62700	-2.4337	1.1414	0.15530
0.62700	1	0.04035	-0.00015	-0.66720	-0.62700	-2.4336	1.1414	0.15530
0.62700	2	0.04079	0.00006	-0.66785	-0.62700	-2.4337	1.1415	0.15540
0.62700	3	0.04098	0.00004	-0.66802	-0.62700	-2.4337	1.1415	0.15530
0.62720	0	0.04083	0.00015	-0.66818	-0.62720	-2.4334	1.1405	0.15530
0.62720	1	0.04096	0.00010	-0.66827	-0.62720	-2.4334	1.1405	0.15530
0.62720	2	0.04072	0.00004	-0.66797	-0.62720	-2.4334	1.1405	0.15530
0.62720	3	0.04075	0.00010	-0.66805	-0.62720	-2.4334	1.1405	0.15530
0.62740	0	0.04153	-0.00002	-0.66892	-0.62740	-2.4331	1.1395	0.15530
0.62740	1	0.04217	-0.00003	-0.66955	-0.62740	-2.4331	1.1395	0.15530
0.62740	2	0.04114	-0.00009	-0.66846	-0.62740	-2.4331	1.1395	0.15530
0.62740	3	0.04199	0.00003	-0.66941	-0.62740	-2.4331	1.1395	0.15530
0.62760	0	0.04009	-0.00026	-0.66743	-0.62760	-2.4329	1.1386	0.15530
0.62760	1	0.04105	-0.00036	-0.66829	-0.62760	-2.4329	1.1385	0.15530
0.62760	2	0.04129	-0.00000	-0.66889	-0.62760	-2.4329	1.1385	0.15530
0.62760	3	0.04097	0.00003	-0.66860	-0.62760	-2.4329	1.1386	0.15530
0.62780	0	0.03860	-0.00001	-0.66639	-0.62780	-2.4326	1.1376	0.15530
0.62780	1	0.04047	-0.00009	-0.66818	-0.62780	-2.4326	1.1375	0.15540
0.62780	2	0.03848	-0.00007	-0.66620	-0.62780	-2.4326	1.1376	0.15540
0.62780	3	0.03905	0.00007	-0.66692	-0.62780	-2.4326	1.1375	0.15530
0.62800	0	0.04027	-0.00000	-0.66827	-0.62800	-2.4324	1.1366	0.15530
0.62800	1	0.03997	-0.00002	-0.66795	-0.62800	-2.4324	1.1366	0.15530
0.62800	2	0.04048	-0.00033	-0.66815	-0.62800	-2.4323	1.1366	0.15530
0.62800	3	0.03925	-0.00018	-0.66707	-0.62800	-2.4324	1.1366	0.15530
0.62820	0	0.03738	0.00009	-0.66567	-0.62820	-2.4321	1.1356	0.15540
0.62820	1	0.03760	-0.00001	-0.66579	-0.62820	-2.4321	1.1356	0.15540
0.62820	2	0.03783	-0.00012	-0.66591	-0.62820	-2.4321	1.1356	0.15540
0.62820	3	0.03782	-0.00010	-0.66592	-0.62820	-2.4321	1.1356	0.15530
0.62840	0	0.03657	-0.00010	-0.66488	-0.62840	-2.4319	1.1347	0.15540
0.62840	1	0.03792	-0.00010	-0.66622	-0.62840	-2.4318	1.1347	0.15540
0.62840	2	0.03622	-0.00054	-0.66408	-0.62840	-2.4318	1.1347	0.15540
0.62840	3	0.03922	-0.00016	-0.66746	-0.62840	-2.4318	1.1347	0.15530
0.62860	0	0.03395	-0.00007	-0.66248	-0.62860	-2.4316	1.1337	0.15540
0.62860	1	0.03435	-0.00004	-0.66291	-0.62860	-2.4316	1.1337	0.15540
0.62860	2	0.03101	-0.00000	-0.65961	-0.62860	-2.4316	1.1337	0.15540
0.62860	3	0.03180	-0.00005	-0.66035	-0.62860	-2.4316	1.1337	0.15540
0.62880	0	0.03725	0.00004	-0.66608	-0.62880	-2.4313	1.1327	0.15540
0.62880	1	0.03656	-0.00007	-0.66529	-0.62880	-2.4313	1.1327	0.15540
0.62880	2	0.03655	0.00002	-0.66538	-0.62880	-2.4313	1.1327	0.15540
0.62880	3	0.03810	-0.00012	-0.66677	-0.62880	-2.4313	1.1327	0.15540
0.62900	0	0.03316	0.00022	-0.66238	-0.62900	-2.4311	1.1318	0.15540
0.62900	1	0.03623	0.00022	-0.66545	-0.62900	-2.4311	1.1318	0.15540
0.62900	2	0.03562	0.00005	-0.66467	-0.62900	-2.4311	1.1318	0.15540
0.62900	3	0.03677	0.00008	-0.66585	-0.62900	-2.4311	1.1318	0.15540
0.62920	0	0.03852	-0.00011	-0.66761	-0.62920	-2.4308	1.1308	0.15530
0.62920	1	0.03832	-0.00003	-0.66750	-0.62920	-2.4308	1.1308	0.15540
0.62920	2	0.03704	0.00017	-0.66641	-0.62920	-2.4308	1.1308	0.15540
0.62920	3	0.03738	-0.00009	-0.66649	-0.62920	-2.4308	1.1308	0.15530
0.62940	0	0.03736	-0.00002	-0.66674	-0.62940	-2.4306	1.1298	0.15540
0.62940	1	0.03522	-0.00002	-0.66459	-0.62940	-2.4306	1.1298	0.15540
0.62940	2	0.03729	0.00008	-0.66677	-0.62940	-2.4306	1.1298	0.15540
0.62940	3	0.03628	0.00004	-0.66572	-0.62940	-2.4305	1.1298	0.15530
0.62960	0	0.03339	-0.00004	-0.66295	-0.62960	-2.4303	1.1289	0.15540
0.62960	1	0.03567	0.00061	-0.66588	-0.62960	-2.4303	1.1289	0.15540
0.62960	2	0.03461	-0.00001	-0.66420	-0.62960	-2.4303	1.1289	0.15540
0.62960	3	0.03384	0.00006	-0.66349	-0.62960	-2.4303	1.1289	0.15530
0.62980	0	0.03557	-0.00002	-0.66535	-0.62980	-2.4300	1.1279	0.15530
0.62980	1	0.03441	-0.00027	-0.66394	-0.62980	-2.4300	1.1279	0.15540
0.62980	2	0.03588	-0.00003	-0.66565	-0.62980	-2.4300	1.1279	0.15540
0.62980	3	0.03537	0.00012	-0.66528	-0.62980	-2.4300	1.1279	0.15530
0.63000	0	0.03415	0.00021	-0.66436	-0.63000	-2.4298	1.1270	0.15540
0.63000	1	0.03518	0.00025	-0.66542	-0.63000	-2.4298	1.1270	0.15540
0.63000	2	0.03488	0.00003	-0.66491	-0.63000	-2.4298	1.1270	0.15540
0.63000	3	0.03455	0.00025	-0.66481	-0.63000	-2.4298	1.1270	0.15530
0.63020	0	0.03245	-0.00001	-0.66265	-0.63020	-2.4295	1.1260	0.15540
0.63020	1	0.02962	0.00039	-0.66021	-0.63020	-2.4295	1.1260	0.15540
0.63020	2	0.03381	0.00006	-0.66407	-0.63020	-2.4295	1.1260	0.15540
0.63020	3	0.03229	-0.00019	-0.66230	-0.63020	-2.4295	1.1260	0.15540
0.63040	0	0.03427	-0.00002	-0.66465	-0.63040	-2.4292	1.1251	0.15540
0.63040	1	0.03082	0.00018	-0.66140	-0.63040	-2.4293	1.1251	0.15540
0.63040	2	0.03025	-0.00052	-0.66013	-0.63040	-2.4292	1.1250	0.15540
0.63040	3	0.03178	0.00004	-0.66222	-0.63040	-2.4293	1.1250	0.15540
0.63060	0	0.02961	0.00001	-0.66022	-0.63060	-2.4290	1.1241	0.15540
0.63060	1	0.02798	-0.00025	-0.65833	-0.63060	-2.4290	1.1241	0.15540
0.63060	2	0.02898	0.00029	-0.65987	-0.63060	-2.4290	1.1241	0.15540
0.63060	3	0.02761	0.00001	-0.65823	-0.63060	-2.4290	1.1241	0.15540
0.63080	0	0.02203	-0.00022	-0.65261	-0.63080	-2.4287	1.1231	0.15550
0.63080	1	0.02320	-0.00014	-0.65386	-0.63080	-2.4287	1.1231	0.15550
0.63080	2	0.02442	0.00006	-0.65528	-0.63080	-2.4287	1.1231	0.15550
0.63080	3	0.02280	-0.00007	-0.65353	-0.63080	-2.4287	1.1231	0.15550
0.63100	0	0.01086	-0.00006	-0.64180	-0.63100	-2.4285	1.1222	0.15550
0.63100	1	0.01192	-0.00021	-0.64271	-0.63100	-2.4285	1.1222	0.15550
0.63100	2	0.01080	0.00006	-0.64186	-0.63100	-2.4285	1.1222	0.15550
0.63100	3	0.01130	-0.00005	-0.64224	-0.63100	-2.4285	1.1222	0.15550
0.63120	0	0.00932	-0.00000	-0.64051	-0.63120	-2.4282	1.1212	0.15550
0.63120	1	0.00914	0.00006	-0.64040	-0.63120	-2.4282	1.1212	0.15560
0.63120	2	0.00958	0.00020	-0.64098	-0.63120	-2.4282	1.1212	0.15560
0.63120	3	0.00864	-0.00024	-0.63960	-0.63120	-2.4282	1.1212	0.15550
0.63140	0	-0.00002	-0.00367	-0.62771	-0.63140	-2.4275	1.1202	0.15550
0.63140	1	0.00013	-0.00425	-0.62728	-0.63140	-2.4275	1.1203	0.15550
0.63140	2	0.00002	-0.00378	-0.62764	-0.63140	-2.4275	1.1202	0.15560
0.63140	3	-0.00023	-0.00396	-0.62721	-0.63140	-2.4275	1.1202	0.15550
0.63160	0	0.00004	-0.01113	-0.62051	-0.63160	-2.4266	1.1193	0.15550
0.63160	1	-0.00005	-0.01080	-0.62076	-0.63160	-2.4266	1.1193	0.15560
0.63160	2	0.00003	-0.01101	-0.62062	-0.63160	-2.4266	1.1193	0.15560
0.63160	3	-0.00004	-0.01131	-0.62024	-0.63160	-2.4266	1.1193	0.15550
0.63180	0	0.00022	-0.00955	-0.62247	-0.63180	-2.4256	1.1183	0.15550
0.63180	1	-0.00002	-0.01009	-0.62169	-0.63180	-2.4256	1.1183	0.15560
0.63180	2	0.00005	-0.01031	-0.62154	-0.63180	-2.4256	1.1183	0.15560
0.63180	3	-0.00011	-0.01037	-0.62132	-0.63180	-2.4256	1.1183	0.15550
0.63200	0	0.00001	-0.00290	-0.62912	-0.63200	-2.4248	1.1171	0.15550
0.63200	1	-0.00001	-0.00263	-0.62937	-0.63200	-2.4248	1.1171	0.15560
0.63200	2	0.00013	-0.00293	-0.62919	-0.63200	-2.4243	1.1169	0.15560
0.63200	3	-0.00015	-0.00289	-0.62896	-0.63200	-2.4245	1.1169	0.15550
0.63220	0	0.00002	-0.01105	-0.62117	-0.63220	-2.4244	1.1161	0.15550
0.63220	1	-0.00001	-0.01099	-0.62120	-0.63220	-2.4244	1.1161	0.15560
0.63220	2	0.00008	-0.01107	-0.62120	-0.63220	-2.4244	1.1161	0.15560
0.63220	3	-0.00017	-0.01126	-0.62077	-0.63220	-2.4244	1.1161	0.15550
0.63240	0	-0.00000	-0.02636	-0.60604	-0.63240	-2.4247	1.1153	0.15550
0.63240	1	-0.00007	-0.02607	-0.60626	-0.63240	-2.4247	1.1153	0.15560
0.63240	2	0.00011	-0.02649	-0.60601	-0.63240	-2.4247	1.1153	0.15560
0.63240	3	0.00072	-0.02621	-0.60692	-0.63240	-2.4262	1.1154	0.15550
0.63260	0	0.00004	-0.07619	-0.55645	-0.63260	-2.4250	1.1145	0.15550
0.63260	1	-0.00008	-0.07649	-0.55603	-0.63260	-2.4252	1.1145	0.15550
0.63260	2	0.00049	-0.07439	-0.55869	-0.63260	-2.4264	1.1145	0.15550
0.63260	3	-0.00000	-0.07604	-0.55656	-0.63260	-2.4250	1.1145	0.15550
0.63280	0	0.00002	-0.01428	-0.61854	-0.63280	-2.4254	1.1134	0.15550
0.63280	1	0.00017	-0.01406	-0.61891	-0.63280	-2.4259	1.1134	0.15550
0.63280	2	0.00005	-0.01432	-0.61853	-0.63280	-2.4255	1.1134	0.15550
0.63280	3	0.00000	-0.01428	-0.61852	-0.63280	-2.4255	1.1134	0.15550
0.63300	0	0.02806	-0.00010	-0.66096	-0.63300	-2.4259	1.1125	0.15540
0.63300	1	0.02952	-0.00013	-0.66239	-0.63300	-2.4259	1.1125	0.15540
0.63300	2	0.03001	0.00013	-0.66314	-0.63300	-2.4259	1.1125	0.15540
0.63300	3	0.02864	0.00015	-0.66178	-0.63300	-2.4259	1.1125	0.15540
0.63320	0	0.03237	-0.00001	-0.66557	-0.63320	-2.4256	1.1116	0.15530
0.63320	1	0.03280	-0.00007	-0.66593	-0.63320	-2.4256	1.1116	0.15540
0.63320	2	0.03206	-0.00010	-0.66516	-0.63320	-2.4256	1.1116	0.15540
0.63320	3	0.02942	0.00012	-0.66273	-0.63320	-2.4256	1.1116	0.15530
0.63340	0	0.03027	0.00011	-0.66378	-0.63340	-2.4254	1.1106	0.15540
0.63340	1	0.03257	0.00020	-0.66617	-0.63340	-2.4254	1.1106	0.15540
0.63340	2	0.03062	-0.00001	-0.66401	-0.63340	-2.4254	1.1106	0.15540
0.63340	3	0.03325	0.00012	-0.66677	-0.63340	-2.4254	1.1106	0.15530
0.63360	0	0.03330	-0.00010	-0.66680	-0.63360	-2.4251	1.1097	0.15530
0.63360	1	0.03479	-0.00008	-0.66830	-0.63360	-2.4251	1.1097	0.15530
0.63360	2	0.03289	0.00021	-0.66669	-0.63360	-2.4251	1.1097	0.15530
0.63360	3	0.03408	0.00005	-0.66773	-0.63360	-2.4251	1.1097	0.15530
0.63380	0	0.03307	-0.00012	-0.66676	-0.63380	-2.4248	1.1087	0.15530
0.63380	1	0.03458	-0.00017	-0.66821	-0.63380	-2.4248	1.1087	0.15530
0.63380	2	0.03199	-0.00006	-0.66572	-0.63380	-2.4248	1.1087	0.15540
0.63380	3	0.03162	-0.00012	-0.66530	-0.63380	-2.4248	1.1087	0.15530
0.63400	0	0.03108	-0.00000	-0.66508	-0.63400	-2.4246	1.1078	0.15530
0.63400	1	0.03061	-0.00001	-0.66460	-0.63400	-2.4246	1.1078	0.15530
0.63400	2	0.03065	0.00012	-0.66477	-0.63400	-2.4246	1.1078	0.15530
0.63400	3	0.02966	0.00007	-0.66373	-0.63400	-2.4246	1.1078	0.15530
0.63420	0	0.03252	0.00001	-0.66673	-0.63420	-2.4243	1.1068	0.15530
0.63420	1	0.03208	-0.00025	-0.66603	-0.63420	-2.4243	1.1068	0.15530
0.63420	2	0.03190	0.00019	-0.66629	-0.63420	-2.4243	1.1068	0.15530
0.63420	3	0.03445	0.00004	-0.66869	-0.63420	-2.4243	1.1068	0.15530
0.63440	0	0.03450	0.00010	-0.66901	-0.63440	-2.4241	1.1059	0.15530
0.63440	1	0.03425	0.00000	-0.66866	-0.63440	-2.4241	1.1059	0.15530
0.63440	2	0.03174	0.00008	-0.66622	-0.63440	-2.4241	1.1059	0.15530
0.63440	3	0.03347	-0.00002	-0.66785	-0.63440	-2.4241	1.1059	0.15530
0.63460	0	0.03040	-0.00002	-0.66498	-0.63460	-2.4238	1.1049	0.15530
0.63460	1	0.02938	0.00005	-0.66403	-0.63460	-2.4238	1.1049	0.15540
0.63460	2	0.03006	0.00002	-0.66468	-0.63460	-2.4238	1.1049	0.15540
0.63460	3	0.03158	-0.00010	-0.66609	-0.63460	-2.4238	1.1049	0.15530
0.63480	0	0.03048	-0.00014	-0.66515	-0.63480	-2.4235	1.1040	0.15530
0.63480	1	0.03018	-0.00007	-0.66491	-0.63480	-2.4235	1.1040	0.15530
0.63480	2	0.03282	-0.00017	-0.66745	-0.63480	-2.4236	1.1040	0.15530
0.63480	3	0.03070	0.00023	-0.66573	-0.63480	-2.4235	1.1040	0.15530
0.63500	0	0.03083	0.00005	-0.66588	-0.63500	-2.4233	1.1030	0.15530
0.63500	1	0.02429	-0.00007	-0.65922	-0.63500	-2.4233	1.1030	0.15540
0.63500	2	0.02440	0.00028	-0.65968	-0.63500	-2.4233	1.1030	0.15540
0.63500	3	0.02565	-0.00009	-0.66056	-0.63500	-2.4233	1.1030	0.15530
0.63520	0	0.03310	0.00002	-0.66832	-0.63520	-2.4230	1.1021	0.15530
0.63520	1	0.02952	0.00041	-0.66513	-0.63520	-2.4230	1.1021	0.15530
0.63520	2	0.03157	0.00003	-0.66680	-0.63520	-2.4230	1.1021	0.15540
0.63520	3	0.03118	-0.00012	-0.66626	-0.63520	-2.4230	1.1021	0.15530
0.63540	0	0.02747	0.00040	-0.66327	-0.63540	-2.4228	1.1012	0.15530
0.63540	1	0.02955	0.00015	-0.66509	-0.63540	-2.4228	1.1011	0.15530
0.63540	2	0.02761	0.00020	-0.66321	-0.63540	-2.4228	1.1011	0.15540
0.63540	3	0.02908	0.00011	-0.66459	-0.63540	-2.4228	1.1011	0.15530
0.63560	0	0.02860	-0.00031	-0.66389	-0.63560	-2.4225	1.1002	0.15530
0.63560	1	0.03054	-0.00003	-0.66611	-0.63560	-2.4225	1.1002	0.15530
0.63560	2	0.03070	0.00002	-0.66632	-0.63560	-2.4225	1.1002	0.15530
0.63560	3	0.03062	-0.00008	-0.66614	-0.63560	-2.4225	1.1002	0.15530
0.63580	0	0.02408	-0.00005	-0.65983	-0.63580	-2.4223	1.0992	0.15530
0.63580	1	0.02209	-0.00004	-0.65785	-0.63580	-2.4223	1.0992	0.15530
0.63580	2	0.02348	0.00016	-0.65944	-0.63580	-2.4223	1.0993	0.15540
0.63580	3	0.02600	0.00022	-0.66202	-0.63580	-2.4223	1.0993	0.15530
0.63600	0	0.00107	-0.00300	-0.63407	-0.63600	-2.4219	1.0983	0.15540
0.63600	1	-0.00008	-0.00287	-0.63305	-0.63600	-2.4202	1.0982	0.15540
0.63600	2	0.00000	-0.00271	-0.63329	-0.63600	-2.4202	1.0982	0.15540
0.63600	3	-0.00009	-0.00275	-0.63316	-0.63600	-2.4202	1.0982	0.15540
0.63620	0	0.02876	-0.00011	-0.66485	-0.63620	-2.4218	1.0974	0.15530
0.63620	1	0.02904	-0.00003	-0.66521	-0.63620	-2.4218	1.0974	0.15530
0.63620	2	0.02735	0.00005	-0.66360	-0.63620	-2.4218	1.0974	0.15530
0.63620	3	0.02937	0.00003	-0.66560	-0.63620	-2.4218	1.0973	0.15530
0.63640	0	0.02921	0.00029	-0.66590	-0.63640	-2.4215	1.0964	0.15530
0.63640	1	0.02909	-0.00010	-0.66538	-0.63640	-2.4215	1.0964	0.15530
0.63640	2	0.03016	-0.00010	-0.66646	-0.63640	-2.4215	1.0964	0.15530
0.63640	3	0.02793	-0.00008	-0.66425	-0.63640	-2.4215	1.0964	0.15530
0.63660	0	0.02895	0.00005	-0.66559	-0.63660	-2.4212	1.0955	0.15530
0.63660	1	0.02421	0.00044	-0.66125	-0.63660	-2.4212	1.0955	0.15530
0.63660	2	0.02868	0.00002	-0.66530	-0.63660	-2.4212	1.0955	0.15530
0.63660	3	0.02991	-0.00004	-0.66647	-0.63660	-2.4212	1.0955	0.15530
0.63680	0	0.02677	-0.00010	-0.66347	-0.63680	-2.4210	1.0945	0.15530
0.63680	1	0.02612	-0.00020	-0.66272	-0.63680	-2.4210	1.0945	0.15530
0.63680	2	0.02720	0.00001	-0.66401	-0.63680	-2.4210	1.0945	0.15530
0.63680	3	0.02638	0.00002	-0.66320	-0.63680	-2.4210	1.0945	0.15530
0.63700	0	0.02573	-0.00009	-0.66264	-0.63700	-2.4207	1.0936	0.15530
0.63700	1	0.02738	0.00005	-0.66443	-0.63700	-2.4207	1.0936	0.15530
0.63700	2	0.02814	0.00019	-0.66533	-0.63700	-2.4207	1.0936	0.15530
0.63700	3	0.02567	-0.00000	-0.66267	-0.63700	-2.4207	1.0936	0.15530
0.63720	0	0.00160	-0.00207	-0.63672	-0.63720	-2.4203	1.0927	0.15530
0.63720	1	0.00285	-0.00188	-0.63817	-0.63720	-2.4205	1.0927	0.15530
0.63720	2	0.00108	-0.00215	-0.63613	-0.63720	-2.4204	1.0927	0.15530
0.63720	3	0.00223	-0.00186	-0.63757	-0.63720	-2.4204	1.0927	0.15530
0.63740	0	0.02759	-0.00019	-0.66480	-0.63740	-2.4202	1.0917	0.15530
0.63740	1	0.02647	0.00004	-0.66391	-0.63740	-2.4202	1.0917	0.15530
0.63740	2	0.02776	-0.00008	-0.66508	-0.63740	-2.4202	1.0917	0.15530
0.63740	3	0.02741	0.00010	-0.66490	-0.63740	-2.4202	1.0917	0.15530
0.63760	0	0.02729	-0.00011	-0.66478	-0.63760	-2.4200	1.0908	0.15530
0.63760	1	0.02735	-0.00008	-0.66486	-0.63760	-2.4200	1.0908	0.15530
0.63760	2	0.02694	-0.00007	-0.66447	-0.63760	-2.4200	1.0908	0.15530
0.63760	3	0.02700	0.00006	-0.66465	-0.63760	-2.4199	1.0908	0.15530
0.63780	0	0.02712	-0.00002	-0.66490	-0.63780	-2.4197	1.0898	0.15530
0.63780	1	0.02731	0.00008	-0.66520	-0.63780	-2.4197	1.0898	0.15530
0.63780	2	0.02650	0.00020	-0.66450	-0.63780	-2.4197	1.0898	0.15530
0.63780	3	0.02688	-0.00004	-0.66463	-0.63780	-2.4197	1.0898	0.15530
0.63800	0	0.02499	-0.00009	-0.66289	-0.63800	-2.4194	1.0889	0.15530
0.63800	1	0.02446	-0.00011	-0.66235	-0.63800	-2.4194	1.0889	0.15530
0.63800	2	0.02517	0.00001	-0.66319	-0.63800	-2.4194	1.0889	0.15540
0.63800	3	0.02454	0.00003	-0.66257	-0.63800	-2.4194	1.0889	0.15530
0.63820	0	0.02347	-0.00006	-0.66160	-0.63820	-2.4192	1.0880	0.15540
0.63820	1	0.02427	0.00007	-0.66254	-0.63820	-2.4192	1.0880	0.15540
0.63820	2	0.02375	-0.00015	-0.66180	-0.63820	-2.4192	1.0880	0.15540
0.63820	3	0.02381	-0.00002	-0.66199	-0.63820	-2.4192	1.0880	0.15530
0.63840	0	0.01931	-0.00004	-0.65767	-0.63840	-2.4189	1.0870	0.15540
0.63840	1	0.02126	-0.00003	-0.65963	-0.63840	-2.4189	1.0870	0.15540
0.63840	2	0.02115	-0.00016	-0.65939	-0.63840	-2.4189	1.0870	0.15540
0.63840	3	0.01951	0.00006	-0.65797	-0.63840	-2.4189	1.0870	0.15530
0.63860	0	0.02237	0.00012	-0.66109	-0.63860	-2.4187	1.0861	0.15540
0.63860	1	0.02229	0.00002	-0.66091	-0.63860	-2.4187	1.0861	0.15540
0.63860	2	0.02161	-0.00012	-0.66009	-0.63860	-2.4187	1.0861	0.15540
0.63860	3	0.02196	-0.00002	-0.66055	-0.63860	-2.4187	1.0861	0.15540
0.63880	0	0.01860	-0.00006	-0.65734	-0.63880	-2.4184	1.0852	0.15540
0.63880	1	0.01797	0.00010	-0.65686	-0.63880	-2.4184	1.0852	0.15540
0.63880	2	0.01744	-0.00013	-0.65611	-0.63880	-2.4184	1.0852	0.15540
0.63880	3	0.01847	-0.00002	-0.65725	-0.63880	-2.4184	1.0852	0.15540
0.63900	0	0.01796	-0.00020	-0.65676	-0.63900	-2.4182	1.0842	0.15540
0.63900	1	0.01841	-0.00005	-0.65735	-0.63900	-2.4182	1.0842	0.15540
0.63900	2	0.01682	-0.00054	-0.65528	-0.63900	-2.4182	1.0842	0.15540
0.63900	3	0.01804	0.00008	-0.65712	-0.63900	-2.4182	1.0842	0.15540
0.63920	0	0.01223	-0.00043	-0.65100	-0.63920	-2.4179	1.0833	0.15540
0.63920	1	0.01196	-0.00054	-0.65062	-0.63920	-2.4179	1.0833	0.15540
0.63920	2	0.01235	-0.00025	-0.65130	-0.63920	-2.4179	1.0833	0.15540
0.63920	3	0.01491	0.00004	-0.65415	-0.63920	-2.4179	1.0833	0.15540
0.63940	0	0.00004	-0.00425	-0.63519	-0.63940	-2.4166	1.0824	0.15540
0.63940	1	-0.00007	-0.00407	-0.63526	-0.63940	-2.4166	1.0824	0.15540
0.63940	2	0.00002	-0.00441	-0.63501	-0.63940	-2.4166	1.0824	0.15540
0.63940	3	-0.00000	-0.00399	-0.63541	-0.63940	-2.4166	1.0824	0.15540
0.63960	0	0.01598	-0.00014	-0.65544	-0.63960	-2.4174	1.0814	0.15540
0.63960	1	0.01725	0.00004	-0.65689	-0.63960	-2.4174	1.0814	0.15540
0.63960	2	0.01654	-0.00000	-0.65614	-0.63960	-2.4174	1.0814	0.15540
0.63960	3	0.01634	-0.00037	-0.65557	-0.63960	-2.4174	1.0814	0.15540
0.63980	0	0.01576	-0.00004	-0.65552	-0.63980	-2.4171	1.0805	0.15540
0.63980	1	0.01473	-0.00040	-0.65414	-0.63980	-2.4171	1.0805	0.15540
0.63980	2	0.01421	-0.00021	-0.65380	-0.63980	-2.4171	1.0805	0.15540
0.63980	3	0.01590	0.00014	-0.65584	-0.63980	-2.4171	1.0805	0.15540
0.64000	0	0.01249	-0.00049	-0.65200	-0.64000	-2.4169	1.0796	0.15540
0.64000	1	0.01261	-0.00067	-0.65194	-0.64000	-2.4169	1.0796	0.15540
0.64000	2	0.01380	-0.00029	-0.65350	-0.64000	-2.4169	1.0796	0.15540
0.64000	3	0.01370	-0.00060	-0.65310	-0.64000	-2.4169	1.0796	0.15540
