A	dmin_branch-	t-	dmin_branch+	t+
0.300000	nan	-1.00	nan	-1.00
0.320000	nan	-1.00	nan	-1.00
0.340000	nan	-1.00	nan	-1.00
0.360000	nan	-1.00	nan	-1.00
0.380000	nan	-1.00	nan	-1.00
0.400000	nan	-1.00	nan	-1.00
0.420000	nan	-1.00	nan	-1.00
0.440000	nan	-1.00	nan	-1.00
0.460000	nan	-1.00	nan	-1.00
0.480000	nan	-1.00	nan	-1.00
0.500000	nan	-1.00	nan	-1.00
0.520000	nan	-1.00	nan	-1.00
0.540000	nan	-1.00	nan	-1.00
0.560000	nan	-1.00	nan	-1.00
0.580000	nan	-1.00	nan	-1.00
0.600000	nan	-1.00	nan	-1.00
0.620000	nan	-1.00	nan	-1.00
0.640000	nan	-1.00	nan	-1.00
0.660000	nan	-1.00	nan	-1.00
0.680000	nan	-1.00	nan	-1.00
0.700000	nan	-1.00	nan	-1.00
0.720000	nan	-1.00	nan	-1.00
0.740000	nan	-1.00	nan	-1.00
0.760000	nan	-1.00	nan	-1.00
0.780000	nan	-1.00	nan	-1.00
0.800000	nan	-1.00	nan	-1.00
0.820000	nan	-1.00	nan	-1.00
0.840000	nan	-1.00	nan	-1.00
0.860000	nan	-1.00	nan	-1.00
0.880000	nan	-1.00	nan	-1.00
0.900000	nan	-1.00	nan	-1.00
0.920000	nan	-1.00	nan	-1.00
0.940000	nan	-1.00	nan	-1.00
0.960000	nan	-1.00	nan	-1.00
0.980000	nan	-1.00	nan	-1.00
1.000000	nan	-1.00	nan	-1.00
1.020000	nan	-1.00	nan	-1.00
1.040000	nan	-1.00	nan	-1.00
1.060000	nan	-1.00	nan	-1.00
1.080000	nan	-1.00	nan	-1.00
1.100000	nan	-1.00	nan	-1.00
1.120000	nan	-1.00	nan	-1.00
1.140000	nan	-1.00	nan	-1.00
1.160000	nan	-1.00	nan	-1.00
1.180000	nan	-1.00	nan	-1.00
1.200000	nan	-1.00	nan	-1.00
