# model=kennedy T=2000 dt=0.005 amp_ref=2.440614 r0=0 clip8=0 seeds=1,2,3,5,8,13
sigma	lock_rate	mean_mad_over_amp	mean_trit	escaped_frac	min_t_escape_tau	mean_tail_maxabs
0.000000	0.0000	1.12427	0.1915	0.0000	-1	4.294
0.050000	0.0000	1.03275	0.3177	1.0000	28.24	7.565
0.100000	0.0000	4.46682e-16	1.0000	1.0000	27.59	7.562
0.150000	0.0000	9.00141e-17	1.0000	1.0000	30.94	7.562
0.200000	0.0000	0	1.0000	1.0000	17.8	7.562
0.250000	0.0000	0	1.0000	1.0000	17.38	7.562
0.300000	0.0000	0	1.0000	1.0000	13.76	7.562
0.350000	0.0000	0	1.0000	1.0000	13.65	7.562
0.400000	0.0000	0	1.0000	1.0000	13.48	7.562
0.450000	0.0000	0	1.0000	1.0000	12.54	7.562
0.500000	0.0000	0	1.0000	1.0000	14.76	7.562
0.550000	0.0000	0	1.0000	1.0000	15.87	7.562
0.600000	0.0000	0	1.0000	1.0000	17.79	7.562
0.650000	0.0000	0	1.0000	1.0000	17.62	7.562
0.700000	0.0000	0	1.0000	1.0000	17.68	7.562
0.750000	0.0000	0	1.0000	1.0000	21.18	7.562
0.800000	0.0000	0	1.0000	1.0000	18.8	7.562
0.850000	0.0000	0	1.0000	1.0000	20.62	7.562
0.900000	0.0000	0	1.0000	1.0000	20.35	7.562
0.950000	0.0000	0	1.0000	1.0000	21.39	7.562
1.000000	0.0000	0	1.0000	1.0000	22.37	7.562
1.050000	0.0000	0	1.0000	1.0000	24.56	7.562
1.100000	0.0000	0	1.0000	1.0000	25.48	7.562
1.150000	0.0000	0	1.0000	1.0000	26.99	7.562
1.200000	0.0000	0	1.0000	1.0000	25.3	7.562
1.250000	0.0000	0	1.0000	1.0000	29.41	7.562
1.300000	0.0000	0	1.0000	1.0000	33.29	7.562
1.350000	0.0000	0	1.0000	1.0000	34.56	7.562
1.400000	0.0000	0	1.0000	1.0000	33.41	7.562
1.450000	0.0000	0	1.0000	1.0000	33.01	7.562
1.500000	0.0000	0	1.0000	1.0000	43.13	7.562
1.550000	0.0000	0	1.0000	1.0000	48.77	7.562
1.600000	0.0000	0	1.0000	1.0000	48.05	7.562
1.650000	0.0000	0	1.0000	1.0000	56.46	7.562
1.700000	0.0000	0	1.0000	1.0000	68.67	7.562
1.750000	0.0000	0	1.0000	1.0000	57.56	7.562
1.800000	0.0000	0	1.0000	1.0000	88.59	7.562
1.850000	0.0000	0	1.0000	1.0000	76.81	7.562
1.900000	0.0000	0	1.0000	1.0000	87.34	7.562
1.950000	0.0000	0	1.0000	1.0000	104.3	7.562
2.000000	0.0000	0	1.0000	1.0000	127.6	7.562
2.050000	0.0000	0	1.0000	1.0000	139.1	7.562
2.100000	0.0000	0	1.0000	1.0000	178.6	7.562
2.150000	0.0000	0	1.0000	1.0000	272.8	7.562
2.200000	0.0000	0	1.0000	1.0000	268.6	7.562
2.250000	0.8333	0.0301723	0.9793	0.1667	558.2	4.929
2.300000	1.0000	2.19564e-05	1.0000	0.0000	-1	4.293
2.350000	1.0000	5.47397e-09	1.0000	0.0000	-1	4.291
2.400000	1.0000	7.04066e-13	1.0000	0.0000	-1	4.294
2.450000	1.0000	1.90996e-15	1.0000	0.0000	-1	4.294
2.500000	1.0000	6.78472e-16	1.0000	0.0000	-1	4.294
2.550000	1.0000	3.04722e-16	1.0000	0.0000	-1	4.294
2.600000	1.0000	1.68528e-16	1.0000	0.0000	-1	4.294
2.650000	1.0000	2.38522e-17	1.0000	0.0000	-1	4.294
2.700000	1.0000	1.14103e-16	1.0000	0.0000	-1	4.294
2.750000	1.0000	8.98351e-18	1.0000	0.0000	-1	4.294
2.800000	1.0000	0	1.0000	0.0000	-1	4.293
2.850000	1.0000	0	1.0000	0.0000	-1	4.292
2.900000	1.0000	0	1.0000	0.0000	-1	4.294
2.950000	1.0000	0	1.0000	0.0000	-1	4.294
3.000000	1.0000	0	1.0000	0.0000	-1	4.293
0.900000	0.0000	0	1.0000	1.0000	20.35	7.562
1.000000	0.0000	0	1.0000	1.0000	22.37	7.562
1.617251	0.0000	0	1.0000	1.0000	47.22	7.562
1.636364	0.0000	0	1.0000	1.0000	58.3	7.562
1.618034	0.0000	0	1.0000	1.0000	55.28	7.562
2.618034	1.0000	1.12043e-16	1.0000	0.0000	-1	4.292
